crim,zn,indus,chas,nox,rm,age,dis,rad,tax,ptratio,b,lstat,medv
10.946.264.712.323.400,0.0,16.526.762.556.464.600,0,6.355.041.632.153.840,4.006.312.828.884.310,59.675.160.688.116.800,14.254.975.284.567.300,1,608,13.541.374.630.536.900,22.998.698.029.565.300,15.099.560.355.641.800,33.430.672.387.237.100
111.792.292.727.248,62.5,22.525.596.867.004.400,0,5.401.636.989.437.970,6.476.770.259.427.460,4.920.502.021.321.080,5.913.022.009.758.150,6,536,15.364.812.642.965.000,13.420.797.651.950.500,7.172.664.729.829.580,50.0
10.290.118.315.672.400,0.0,24.780.246.628.822.000,1,8.884.488.735.543.920,5.579.191.257.713.230,4.060.614.103.447.200,1.018.477.482.890.440,24,502,174.072.489.634.183,361.135.346.774.805,2.804.948.017.042.730,35.280.390.591.668.200
7.575.726.860.289.740,62.5,1.622.516.418.304.030,1,7.852.166.161.303.210,6.635.629.254.186.350,2.804.704.876.906.490,10.323.723.492.770.700,4,487,1.330.808.557.497.720,33.072.641.202.992.100,3.654.436.782.588.130,4.721.718.755.523.370
5.936.762.520.964.990,0.0,19.665.464.258.619.800,0,38.806.545.269.317.800,6.865.189.271.835.360,7.157.437.614.093.780,5.448.285.393.529.160,2,166,17.575.721.802.733.600,22.968.502.792.448.600,3.075.994.700.042.040,47.985.034.016.331.900
10.116.744.270.321.200,25.0,12.836.372.476.035.500,0,5.500.736.360.766.330,6.979.543.177.814.360,3.311.512.939.858.720,431.772.787.882.764,8,712,14.633.201.212.117.900,19.384.934.418.984.100,3.135.906.673.719.570,470.614.482.597.358
3.486.290.083.898.490,0.0,1.096.910.427.371.650,0,5.585.824.779.379.920,7.421.318.340.184.970,8.525.897.656.553.770,6.572.615.888.747.000,6,738,14.539.611.249.423.600,3.971.407.648.267.970,34.612.795.321.056.800,4.182.843.802.403.160
6.861.559.475.991.820,100.0,75.625.011.608.703.400,0,5.172.700.673.707.710,7.065.449.842.654.110,5.944.392.067.702.260,10.157.975.275.569.300,1,466,21.479.442.074.063.700,2.888.782.238.076.500,3.128.992.138.049.460,50.0
32.753.016.137.368.900,0.0,2.069.254.068.293.030,1,5.973.538.684.053.210,7.424.684.180.148.810,6.412.653.929.576.160,8.001.457.316.448.840,4,672,2.192.344.543.838.460,3.810.540.844.783.240,23.174.356.843.860.900,45.657.389.319.846.200
13.151.071.759.570.000,0.0,17.100.661.308.241.900,0,7.019.247.272.672.790,71.653.422.402.647.300,5.186.144.262.601.780,2.537.863.950.254.880,5,391,20.114.385.966.009.200,2.863.408.574.127.330,28.856.775.288.940.000,47.428.290.423.528.100
6.080.911.002.300.220,62.5,15.553.148.448.314.600,0,6.845.338.293.957.910,7.226.352.301.815.510,9.299.849.433.590.060,4.984.573.380.244.130,7,217,12.543.919.807.334.000,848.604.625.434.207,17.222.235.401.943.700,50.0
11.820.492.041.847.000,0.0,23.323.187.851.563.400,0,5.142.594.984.801.320,617.139.230.249.156,4.331.636.572.453.890,7.109.685.067.106.910,6,650,19.286.317.105.437.200,12.444.414.297.952.000,3.760.731.060.052.940,50.0
9.983.249.522.231.050,0.0,26.772.612.244.953.300,1,7.230.273.738.891.130,5.297.471.498.137.330,4.384.290.843.504.360,6.920.886.744.158.890,6,455,13.784.257.317.983.100,34.716.704.587.567.000,28.517.612.018.446.700,3.652.059.121.585.690
7.627.634.119.890.530,62.5,23.869.111.169.257.000,0,47.369.123.919.805.900,7.937.589.178.137.680,8.951.542.058.563.930,10.136.974.220.975.700,8,714,17.692.213.137.208.900,2.776.925.764.661.320,2.914.477.759.951.550,50.0
721.491.576.344.072,62.5,29.687.353.256.459.100,0,8.012.807.065.358.280,62.440.670.546.512.100,61.280.878.254.096.800,11.253.889.402.247.200,4,277,20.937.136.292.090.800,7.106.066.113.685.490,972.518.102.673.122,50.0
3.258.213.268.639.730,0.0,9.001.929.898.621.670,1,8.786.232.259.584.150,7.060.095.644.781.960,4.601.657.414.096.570,2.105.094.035.927.810,7,437,15.801.956.317.441.400,3.896.762.429.768.500,3.820.372.098.918.690,46.956.586.882.166.500
8.290.981.605.117.120,12.5,15.941.704.787.530.900,1,47.684.199.266.933.700,5.814.807.618.283.040,2.769.080.922.263.960,34.684.834.938.047.700,5,550,21.288.416.850.672.300,3.823.188.890.458.810,3.047.945.872.940.230,50.0
47.670.503.411.693.600,0.0,8.866.166.994.753.160,0,7.708.131.316.622.580,6.874.745.709.781.940,26.014.355.615.087.900,5.313.726.017.033.630,6,232,19.083.722.173.393.100,8.983.912.196.988.270,29.702.402.882.837.400,42.983.171.265.888.900
11.517.826.572.223.500,0.0,17.222.138.818.211.900,1,7.880.554.823.146.360,4.488.525.672.472.020,8.054.056.274.801.310,4.260.378.895.961.300,7,747,15.010.118.133.576.600,25.880.390.121.708.400,38.770.657.156.465.600,28.150.699.914.233.900
1.561.764.982.296.000,12.5,19.497.756.170.291.300,1,5.944.580.247.209.270,5.912.689.626.299.330,2.938.767.560.712.450,5.491.195.444.542.870,7,515,12.949.171.988.794.300,2.672.411.666.942.340,13.056.841.330.299.200,50.0
3.509.054.217.569.150,0.0,2.079.839.283.356.280,0,3.526.483.869.918.260,6.131.112.241.625.390,2.562.293.649.729.830,14.479.335.147.675.500,24,253,20.153.512.847.683.500,16.067.020.085.795.700,3.658.615.130.622.680,4.481.117.293.381.110
9.958.631.793.154.380,0.0,4.893.920.672.147.990,1,7.717.091.340.595.700,652.382.613.781.363,39.071.426.512.357.100,17.261.459.717.909.600,4,594,16.580.594.084.929.900,2.755.119.169.073.990,33.231.013.875.988.200,4.004.767.382.527.890
1.493.587.513.846.330,0.0,4.960.879.056.626.740,0,5.444.869.429.395.110,6.950.417.273.620.770,9.788.345.593.646.330,10.221.976.257.307.800,3,677,12.726.934.881.599.600,8.853.607.790.882.160,30.020.269.145.578.100,3.674.186.581.791.420
5.642.376.686.050.920,62.5,17.816.936.842.582.800,0,42.484.276.530.105.100,5.434.099.954.858.770,5.686.411.778.904.850,2.128.399.625.230.750,6,374,1.303.122.357.135.050,36.052.750.024.073.500,3.819.787.114.450.660,3.701.073.691.743.970
10.905.349.726.864.800,12.5,12.525.870.053.217.200,1,6.759.901.395.364.670,6.661.977.732.244.140,49.924.413.922.220.700,10.064.826.231.942.200,6,515,216.696.138.189.548,3.354.028.530.238.060,26.508.225.917.527.600,4.579.346.469.278.210
10.434.284.238.583.700,0.0,38.695.736.617.266.000,1,5.621.628.634.084.580,7.058.666.883.645.710,9.195.185.477.261.630,4.371.632.019.833.380,4,598,14.430.019.544.955.600,3.621.174.338.683.820,2.030.034.544.226.350,50.0
16.565.911.594.985.200,62.5,8.305.626.288.984.220,0,35.254.346.920.810.900,784.213.810.792.798,3.646.536.510.104.860,4.401.457.068.777.410,24,237,21.665.911.778.573.700,30.302.158.493.773.800,2.735.155.985.028.050,50.0
36.769.918.641.036.300,62.5,2.109.064.082.244.070,0,8.902.047.774.400.240,66.946.395.886.862.700,7.990.976.084.621.280,21.082.173.093.948.700,8,468,1.881.159.579.697.900,6.596.217.541.903.360,1.706.112.791.052.000,50.0
29.685.559.133.834.700,0.0,2.374.214.409.658.320,0,4.467.971.221.464.870,5.878.345.812.963.140,727.373.616.524.536,11.458.971.963.184.800,6,485,15.004.911.018.286.600,14.422.172.519.540.600,13.670.599.763.102.500,50.0
14.382.224.272.636.400,100.0,20.640.860.710.001.700,0,6.065.790.332.877.870,5.309.764.740.024.210,4.875.545.526.754.010,4.908.174.692.899.230,6,330,15.837.278.742.434.700,2.835.725.894.345.670,420.757.937.622.957,50.0
1.928.543.177.127.900,0.0,5.158.853.874.801.600,0,7.003.729.570.386.140,7.480.441.608.505.660,7.791.392.595.095.170,10.188.925.969.233.800,1,329,1.977.038.444.108.000,12.933.001.730.328.400,15.742.334.558.005.400,50.0
12.345.153.733.610.800,0.0,14.416.593.912.799.900,0,36.905.361.863.921.400,6.716.139.354.915.050,9.664.628.198.407.840,1.111.951.010.991.860,6,527,1.635.414.978.925.390,2.840.131.734.466.960,3.232.460.728.094.170,47.385.288.493.268.100
20.421.401.364.000.600,0.0,4.583.173.174.389.970,0,7.436.460.563.164.550,6.184.617.057.893.830,21.659.522.827.132.900,16.774.411.174.336.200,7,601,12.747.507.776.642.800,1.344.634.899.890.410,37.871.995.742.005.300,32.228.816.737.961.200
6.977.750.136.247.410,0.0,9.705.799.324.565.560,1,6.889.732.979.034.750,5.066.127.194.044.720,37.159.226.211.001.000,1.339.988.701.861.690,24,383,14.298.141.295.696.800,7.109.178.174.048.330,3.903.091.698.534.860,3.241.478.531.279.260
553.041.451.928.831,25.0,10.984.014.131.556.700,1,5.962.517.383.840.810,5.548.171.234.371.360,8.250.253.181.390.130,2.746.806.821.433.660,6,237,20.603.449.729.972.200,20.726.552.735.581.400,9.054.508.967.440.580,50.0
11.867.934.723.612.600,12.5,23.602.048.566.394.900,1,6.169.979.950.012.080,6.641.924.202.141.750,4.155.153.313.879.170,9.429.187.895.542.650,3,622,1.896.174.136.978.150,2.744.911.038.014.330,2.328.583.871.706.210,3.861.496.017.728.120
5.331.393.472.594.090,62.5,16.026.598.931.320.200,0,8.728.770.164.641.960,644.768.311.688.813,55.351.444.364.470.700,32.537.104.262.582.200,4,254,17.010.161.111.747.600,20.687.827.491.310.300,23.454.178.176.332.800,50.0
6.784.148.205.553.250,0.0,7.057.548.773.514.300,1,8.465.387.023.613.780,4.837.567.908.723.480,2.380.130.743.178.810,35.389.141.183.391.200,3,151,14.454.956.686.156.100,2.567.469.193.197.150,7.865.854.237.658.130,50.0
9.585.390.545.459.000,0.0,1.624.847.359.551.920,1,3.671.899.943.227.720,664.282.878.955.128,8.449.529.866.158.190,10.778.369.676.804.100,24,343,1.674.590.615.089.990,17.522.040.724.173.200,23.683.499.908.008.100,50.0
8.853.701.266.093.500,0.0,23.820.704.200.071.100,1,5.212.512.318.401.400,51.020.944.862.460.200,726.782.124.091.257,10.624.439.426.343.800,8,640,19.888.490.577.775.100,31.133.253.159.333.700,15.147.750.772.393.700,4.269.249.694.973.310
3.270.465.163.281.160,0.0,19.493.985.402.561.200,1,6.100.628.590.617.710,7.147.806.348.021.580,9.542.992.956.309.020,8.373.181.413.621.850,8,604,12.815.431.971.421.700,25.998.656.905.788.300,3.775.385.100.268.000,40.452.934.566.453.200
11.835.430.959.231.300,62.5,20.491.697.862.144.200,0,8.519.855.075.410.680,63.459.891.404.334.700,4.857.468.341.676.900,28.041.515.852.962.600,8,333,21.947.678.187.352.200,22.984.265.363.412.600,1.095.288.580.880.290,50.0
24.009.584.876.922.900,25.0,5.813.990.114.996.400,1,7.899.379.976.724.270,5.875.604.985.875.490,977.033.712.505.611,519.264.108.616.729,2,461,20.597.625.438.589.300,17.414.868.619.022.400,3.356.348.662.482.560,4.424.439.837.664.270
7.659.829.612.859.690,25.0,4.251.144.825.566.940,1,5.318.896.217.966.480,6.893.108.037.377.470,5.206.382.851.144.200,35.979.514.677.501.500,8,725,15.179.657.828.482.200,2.142.910.224.551.820,35.977.369.504.196.100,3.982.467.778.623.180
8.651.410.214.705.260,25.0,22.522.239.507.499.500,0,8.317.262.433.063.870,64.474.495.019.120.400,628.993.649.045.517,8.390.301.400.274.410,8,581,20.705.767.138.822.100,20.403.888.676.584.700,29.699.017.965.781.700,3.783.762.340.457.380
19.814.766.501.335.300,0.0,5.453.116.964.484.830,1,526.894.677.379.274,7.127.449.325.953.510,6.806.448.910.252.560,9.579.241.595.986.900,4,605,18.817.145.299.032.900,266.687.870.673.414,93.724.138.376.891,50.0
8.484.703.847.416.340,0.0,18.656.600.639.135.800,0,4.627.157.614.825.850,62.563.329.293.726.900,4.999.760.266.057.710,25.634.709.421.931.100,6,202,1.866.354.427.099.320,8.176.469.170.616.840,11.154.393.666.292.200,50.0
10.491.215.810.514.400,0.0,26.370.960.422.900.000,0,6.659.355.759.345.590,6.297.173.556.484,57.152.458.714.954.600,10.877.514.161.977.200,7,294,133.970.976.894.423,3.440.595.841.567.360,38.873.596.753.319.900,40.014.174.740.026.300
14.593.266.885.904.300,62.5,156.408.847.284.951,0,513.541.052.888.882,6.000.324.697.181.460,2.388.409.234.074.600,6.091.084.979.022.200,24,212,21.058.946.407.051.300,3.249.375.072.759.880,3.957.333.578.724.600,50.0
3.020.298.079.325.210,0.0,15.711.974.084.068.900,0,6.734.445.359.535.510,6.384.076.999.937.010,37.511.579.697.025.000,974.506.439.944.443,3,737,1.650.341.796.921.370,21.118.186.648.266.100,5.566.350.380.960.910,43.291.710.018.800.000
5.103.145.080.700.040,0.0,2.163.801.321.254.080,1,5.458.104.450.271.340,7.388.565.615.852.470,7.079.533.801.904.030,15.680.136.939.615.800,24,355,20.032.277.583.398.100,33.885.242.732.496.600,3.916.421.964.074.290,46.406.836.334.139.900
35.908.494.716.840.200,25.0,2.065.385.918.212.390,0,7.774.614.837.761.290,5.848.065.080.957.260,582.091.808.175.756,4.966.393.057.213.810,24,449,14.995.237.903.594.000,26.832.129.752.637.600,3.129.889.619.343.800,4.311.288.931.452.720
3.615.703.837.028.190,0.0,1.728.652.640.560.790,0,8.725.865.840.243.480,6.653.568.604.531.440,7.064.048.575.679.290,11.625.904.246.705.700,24,480,1.508.003.665.602.490,5.650.401.795.652.530,3.010.897.019.134.820,3.774.759.551.423.820
7.927.339.695.286.570,12.5,9.823.415.965.312.830,0,46.218.550.732.285.700,5.583.689.491.894.430,31.770.013.165.163.800,8.903.332.045.792.140,1,463,21.646.891.799.819.100,29.630.910.185.167.500,7.248.102.684.682.310,4.864.375.910.983.530
16.816.899.682.937.300,0.0,4.576.940.802.665.460,1,606.006.050.546.569,4.753.287.517.625.080,2.863.991.196.467.370,1.873.960.672.543.030,4,181,1.696.659.924.663.430,3.983.225.862.688.330,20.068.614.429.530.300,4.578.337.473.591.650
12.284.848.674.864.200,12.5,16.074.231.689.432.400,1,7.346.594.611.815.530,6.345.221.118.259.070,6.996.186.950.655.580,472.114.370.129.089,7,695,12.598.907.133.830.000,16.390.923.503.103.400,3.378.974.149.689.790,3.677.226.580.407.830
844.081.353.817.421,0.0,12.675.760.068.343.800,0,3.951.114.571.242.890,6.459.283.796.428.590,23.064.625.946.634.100,9.599.235.487.026.870,5,378,203.570.664.703.205,9.796.777.386.457.350,13.825.957.347.159.600,50.0
9.221.822.067.849.210,62.5,2.409.585.425.893.990,0,7.775.436.888.464.210,6.122.964.111.390.260,9.624.497.671.715.270,9.238.631.262.762.050,2,701,14.272.300.223.497.300,2.390.962.993.534.250,851.784.016.416.201,4.639.935.161.265.160
18.770.498.038.176.000,25.0,2.391.126.631.648.680,0,6.497.831.769.872.560,5.152.810.520.459.430,9.908.654.530.388.100,8.043.185.824.101.260,8,609,2.078.753.752.809.020,1.660.777.813.301.050,14.268.673.929.571.800,4.066.154.188.359.880
21.632.221.906.597.400,0.0,82.032.782.378.394,0,38.984.431.434.724.800,6.413.010.752.249.130,4.689.383.996.944.290,8.634.227.027.255.270,1,568,21.164.398.779.738.200,25.502.248.261.865.700,2.527.915.690.956.960,4.628.176.128.810.700
581.868.529.984.099,25.0,5.524.487.423.114.800,0,8.209.377.520.824.520,6.386.419.543.897.610,41.338.996.912.544.700,81.635.445.761.393,6,571,1.272.766.013.238.000,23.456.173.325.551.400,12.458.602.100.989.900,45.149.912.669.559.000
11.693.973.295.373.500,25.0,2.259.141.244.401.730,1,5.560.207.557.154.850,5.577.853.558.235.190,9.745.670.727.075.810,8.054.035.549.075.130,24,737,1.782.429.227.574.380,3.151.957.871.598.030,34.683.224.648.263.000,32.566.657.627.484.800
13.852.848.326.532.200,25.0,14.637.746.556.831.300,1,4.059.716.075.547.890,5.252.555.899.968.880,7.826.543.101.182.970,4.846.201.040.455.390,6,332,21.815.241.055.768.400,28.361.168.056.298.300,1.205.720.538.362.200,4.744.319.574.164.400
5.220.185.303.169.100,62.5,18.459.986.501.982.700,1,4.172.378.186.031.900,6.023.328.450.605.820,1.794.695.166.153.130,13.098.227.448.454.100,24,347,21.309.196.146.458.600,17.624.642.797.137.900,691.145.667.519.563,50.0
3.046.575.151.193.090,62.5,42.403.228.872.369.200,0,7.713.038.398.597.950,6.657.050.472.744.430,9.343.869.032.665.590,586.008.434.797.358,6,552,17.252.432.860.575.600,34.402.151.587.592.000,38.457.452.968.168.400,42.513.104.898.721.800
4.071.622.194.302.930,0.0,10.412.839.013.638.000,1,8.614.296.963.509.870,6.491.658.312.254.390,990.780.884.176.106,15.000.561.674.937.900,5,289,18.804.931.952.692.300,14.510.476.213.878.400,3.862.630.347.792.580,4.155.927.782.512.290
34.777.045.599.399.300,0.0,1.630.400.013.043.670,0,5.269.499.533.524.890,5.583.414.101.516.140,13.996.158.448.007.700,615.754.134.636.006,3,632,18.042.620.351.590.700,20.151.552.210.809.800,27.715.929.305.756.800,3.695.564.043.694.780
21.323.632.650.297.600,0.0,6.648.635.349.997.830,1,3.472.968.451.843.390,6.295.847.559.515.400,6.893.457.644.508.530,6.104.868.744.027.320,5,167,1.403.253.346.239.700,863.145.051.745.331,37.207.042.401.254.500,4.124.255.270.350.290
6.359.297.460.058.480,12.5,17.686.724.157.011.800,1,3.604.938.476.723.140,6.820.988.483.832.890,4.766.721.517.363.720,29.659.369.099.020.100,5,688,1.852.997.574.521.570,8.966.955.803.371.940,7.311.509.668.702.520,50.0
2.181.670.659.391.860,100.0,6.223.565.605.509.950,1,6.926.871.055.163.100,537.913.400.351.323,55.032.293.712.630.900,9.626.877.934.061.040,8,357,15.331.411.835.008.100,18.546.204.863.293.800,1.895.329.353.884.140,50.0
18.144.297.910.531.500,12.5,5.623.631.764.926.880,0,5.224.510.263.538.050,6.244.208.757.630.230,19.598.318.606.168.600,8.746.302.761.014.740,24,152,1.537.971.929.195.820,15.958.725.050.573.700,8.962.196.747.606.840,50.0
8.664.681.598.195.320,0.0,7.848.039.313.793.790,0,5.556.788.984.074.760,7.137.748.686.119.610,7.290.504.814.560.150,71.549.349.477.103.800,1,511,16.199.881.609.405.200,28.586.195.076.405.700,19.672.547.069.606.100,4.900.120.581.483.570
5.263.071.411.365.320,62.5,7.406.715.261.156.010,0,5.022.284.268.890.630,53.075.474.912.942.700,1.832.804.665.458.170,1.118.499.438.133.850,2,315,2.052.176.883.337.710,24.475.199.263.661.700,3.185.594.195.112.540,4.611.818.917.771.340
510.529.965.197.828,25.0,65.450.514.047.305.400,1,5.793.231.395.937.460,7.008.868.403.734.650,8.875.939.781.888.620,415.905.824.531.232,7,333,14.383.458.257.619.000,3.521.130.088.657.990,3.395.218.603.300.240,50.0
23.829.455.679.009.900,0.0,1.922.673.563.866.850,1,6.861.296.717.280.380,7.333.431.216.625.660,4.648.951.220.562.970,38.823.544.361.149.200,6,438,14.507.916.667.454.300,34.190.828.067.896.000,11.624.113.764.402.900,50.0
10.504.185.813.223.100,62.5,14.457.892.701.114.000,0,6.246.834.983.428.710,604.445.613.238.038,642.170.737.380.194,30.177.939.710.762.700,5,497,12.073.399.136.065.500,964.879.363.065.238,1.619.063.247.129.460,50.0
11.584.759.425.606.200,0.0,4.856.699.851.435.380,1,39.854.485.449.088.600,5.959.893.966.688.600,9.233.552.849.073.620,6.988.837.665.598.690,4,231,13.550.068.689.189.300,70.554.916.135.483.900,3.976.867.879.738.650,45.096.770.143.844.000
4.712.948.825.628.190,12.5,1.441.912.303.824.650,0,5.947.731.911.662.820,6.923.166.093.313.690,743.180.714.706.486,32.589.290.096.843.800,4,179,21.786.792.874.049.300,3.417.883.078.815.040,23.983.283.510.786.300,50.0
12.725.816.826.282.100,0.0,6.023.367.969.081.880,0,5.763.678.354.638.040,6.069.708.737.479.330,55.003.092.578.097,105.578.513.624.178,6,426,1.633.869.945.506.470,13.164.834.564.201.300,12.551.641.258.220.100,48.828.771.877.556.400
5.061.462.335.580.250,62.5,10.924.805.861.327.700,1,6.274.423.488.321.840,45.528.113.095.134.300,4.146.240.948.864.920,4.347.407.475.321.840,1,362,13.951.646.923.141.700,13.884.388.369.624,1.617.077.614.162.870,50.0
5.253.875.060.823.220,0.0,22.261.097.512.128.800,1,36.640.201.862.423.000,6.130.843.783.717.290,4.728.924.195.538.300,6.400.241.112.596.660,8,499,2.165.681.810.756.940,6.335.791.927.938.960,1.357.998.611.871.790,50.0
105.476.501.841.886,0.0,18.121.777.378.154.000,1,3.921.162.738.256.410,6.529.282.777.736.190,3.548.395.984.183.280,6.824.618.414.231.780,5,598,12.271.178.680.369.400,2.772.029.064.588.930,18.456.338.771.186.900,50.0
3.646.182.071.875.950,25.0,16.451.950.409.179.900,1,6.181.465.068.647.680,6.718.058.697.507.720,9.472.601.487.473.570,4.384.112.021.790.480,6,518,1.684.166.386.640.060,1.120.435.673.443.170,18.334.978.710.073.700,50.0
49.760.582.492.303.800,62.5,7.396.344.508.392.400,1,46.526.102.552.978,55.835.595.846.736.500,2.678.006.872.646.950,912.261.583.176.657,6,212,20.046.021.356.275.100,7.069.724.042.489.740,2.076.766.890.270.100,50.0
14.381.584.791.095.000,0.0,3.552.250.789.966.170,1,6.774.190.132.268.080,6.011.139.216.369.170,4.211.593.569.450.320,861.280.229.857.132,4,747,19.728.252.046.136.300,2.013.562.964.246.310,19.115.734.280.500.600,3.683.406.200.100.300
9.170.101.297.404.550,0.0,18.947.250.115.348.300,0,5.236.508.296.074.960,688.383.508.490.661,7.826.594.461.580.540,936.892.131.043.369,24,578,13.892.172.654.958.100,300.166.362.368.577,21.128.433.713.302.800,475.248.529.021.255
9.411.928.747.726.960,62.5,14.413.314.421.420.800,1,43.244.084.859.926.100,6.158.000.965.010.660,3.770.548.391.735.420,7.665.125.167.700.930,7,179,1.907.789.673.377.760,10.783.943.900.998.700,2.091.569.062.682.130,50.0
10.291.228.368.776.600,25.0,15.757.624.160.693.800,1,6.938.368.729.963.970,512.988.340.422.736,8.888.786.785.093.560,60.620.052.148.586.500,24,607,182.228.860.864.585,2.888.156.003.955.400,31.226.489.626.124.800,46.222.490.875.386.400
39.881.158.121.326,0.0,243.902.763.247.892,1,5.363.446.017.855.080,7.066.346.606.734.260,2.582.111.873.441.070,5.938.088.061.967.670,6,678,1.875.276.216.149.260,18.479.004.386.842.800,15.474.614.955.111.100,50.0
6.863.263.122.271.590,0.0,9.033.862.544.096.510,0,39.456.748.230.583.400,6.050.122.284.335.920,507.179.448.752.158,888.188.017.780.312,6,491,14.661.048.156.277.300,16.150.908.929.564.000,3.551.272.100.543.670,4.232.644.872.125.480
7.008.608.013.723.870,0.0,2.011.831.446.550.170,1,7.852.853.875.621.740,6.963.853.144.026.960,6.361.760.900.068.310,5.147.387.651.610.670,4,649,20.107.343.880.317.800,14.380.834.725.446.700,3.184.245.983.266.170,3.787.464.448.387.840
15.009.179.807.670.400,25.0,14.194.442.601.369.600,0,5.590.552.271.643.680,5.223.180.312.893.410,5.180.883.885.804.270,5.809.857.592.234.040,6,681,17.592.375.093.087.300,5.823.238.612.778.390,529.599.203.455.099,44.124.181.448.483.800
7.021.177.758.041.530,12.5,626.386.867.521.009,0,8.490.422.038.335.860,6.115.309.276.687.640,9.343.969.182.930.060,2.800.382.311.442.370,7,728,19.250.780.475.053.300,13.305.350.673.969.100,20.298.407.390.990.500,3.612.383.964.610.180
11.765.553.812.799.400,25.0,1.795.764.133.671.490,0,4.160.405.571.092.410,6.556.815.216.574.060,4.346.696.793.780.420,8.475.935.019.535.180,6,722,21.395.735.098.863.600,3.517.006.122.509.920,24.578.903.568.148.000,390.052.674.567.581
7.469.227.774.663.150,0.0,15.592.266.853.729.500,0,825.810.140.763.884,6.138.998.596.949.300,15.287.845.279.903.000,1.846.172.241.582.720,3,266,20.554.972.728.905.200,4.086.676.978.882.340,19.766.380.470.568.400,50.0
15.766.320.691.794.100,62.5,7.791.595.341.250.540,0,7.895.459.824.194.410,5.371.895.658.375.300,34.315.062.650.142.200,11.895.633.769.685.200,4,170,198.233.747.052.694,38.332.000.604.072.100,28.205.098.842.183.300,4.589.182.328.428.920
5.751.354.594.479.100,0.0,17.539.219.488.781.400,0,3.623.494.944.529.380,452.923.768.520.954,4.053.475.737.612.140,2.581.113.348.865.770,1,541,14.896.487.494.312.600,42.998.610.995.127.100,3.989.326.316.549.130,25.508.158.728.695.500
32.368.545.000.756.500,62.5,1.766.781.546.259.080,0,6.190.087.893.901.900,7.266.285.590.652.350,5.914.691.775.492.880,5.212.762.357.302.680,5,557,12.540.831.126.581.100,14.481.265.691.974.100,476.249.106.754.968,50.0
11.766.796.243.244.100,0.0,11.658.781.461.573.500,0,6.922.097.160.878.680,6.373.626.741.330.920,28.901.048.126.739.200,36.155.869.618.810.900,7,491,17.746.444.629.894.100,24.252.246.952.021.700,21.105.827.226.823.000,4.305.621.664.588.510
1.206.945.558.471.650,0.0,13.641.729.362.570.100,1,597.289.316.836.353,7.016.760.736.953.790,559.307.053.770.329,4.197.239.385.822.250,24,292,12.345.130.532.193.900,33.513.656.144.325.900,2.098.248.705.553.950,50.0
855.097.824.582.257,0.0,15.850.398.012.863.700,1,5.341.578.505.115.610,6.850.068.369.552.310,9.098.849.482.546.440,454.698.574.234.471,3,719,19.141.897.742.187.100,5.743.312.722.960.150,2.293.277.311.149.660,4.912.006.699.980.460
7.504.494.938.885.120,0.0,11.980.821.123.101.800,0,8.663.052.764.182.220,6.617.792.778.283.700,435.255.742.802.602,8.901.703.029.598.160,2,394,19.368.216.712.962.700,5.644.088.962.337.270,751.173.078.333.535,48.818.697.439.210.600
12.148.398.870.003.600,0.0,21.995.579.845.752.200,0,7.204.925.158.453.310,5.975.063.851.397.050,6.585.381.040.588.780,29.442.420.046.989.300,5,594,17.629.112.612.386.600,2.513.512.498.646.900,25.895.953.848.579.500,32.862.362.514.277.000
31.653.951.297.622.100,25.0,2.360.397.093.619.150,1,8.795.219.265.386.940,654.283.684.794.739,2.443.206.153.832.800,39.024.219.639.727.300,3,523,13.681.519.125.413.400,11.709.865.296.191.100,27.292.959.809.622.700,50.0
10.750.690.340.168.300,62.5,24.505.544.906.053.700,1,8.077.381.865.119.150,7.202.775.862.459.500,8.053.005.041.451.010,21.132.669.929.748.800,7,687,20.757.214.345.683.700,25.780.083.880.719.600,29.903.815.990.341.000,4.685.044.925.287.480
23.403.736.018.484.800,12.5,13.195.473.295.028.900,1,7.902.788.389.296.930,625.810.764.979.163,28.427.721.775.285.700,4.646.059.985.854.840,1,577,1.795.921.232.004.770,32.823.328.117.181.200,26.863.221.499.964.300,40.295.192.520.287.100
49.123.807.989.094.100,12.5,5.598.360.719.461.410,0,7.353.793.741.800.050,7.531.190.731.079.430,5.882.067.376.354.450,11.353.659.176.965.700,24,530,17.148.919.500.741.000,3.074.820.439.501.800,13.886.523.068.093.800,50.0
6.947.607.490.956.930,0.0,17.853.542.439.031.800,0,6.876.475.452.871.600,5.150.404.679.473.200,31.424.252.033.803.100,518.119.880.951.671,24,654,17.675.917.595.420.500,33.779.764.923.111.300,3.957.058.508.290.190,26.211.962.090.198.300
19.356.005.580.370.900,62.5,2.581.526.353.869.460,0,8.321.172.546.674.170,5.075.163.972.116.280,860.543.030.606.101,9.550.721.344.511.850,6,182,1.282.887.086.813.630,15.034.142.541.776.500,3.332.235.692.417.590,42.282.335.923.827.300
8.561.762.041.084.240,0.0,6.923.232.452.181.710,1,668.045.863.597.838,6.891.652.650.163.570,3.332.694.857.498.100,60.787.433.180.010.300,24,573,19.404.370.547.389.200,3.595.304.741.155.250,22.041.889.766.716.900,42.823.068.564.477.500
14.854.383.641.952.500,0.0,4.272.428.636.697.490,0,345.173.040.555.115,5.626.879.944.435.380,22.779.004.749.712.200,5.945.596.527.432.340,7,501,1.260.775.583.889.040,39.024.725.664.001.200,39.629.905.987.488.600,2.939.779.936.460.730
1.121.175.729.371.130,0.0,18.227.503.313.497.200,0,6.495.381.113.959.800,7.630.335.844.300.140,8.948.202.930.345.760,1.006.368.038.403.750,24,616,17.783.881.585.159.000,26.698.208.098.431.300,3.337.353.510.540.290,40.211.892.692.156.400
1.189.371.016.176.320,0.0,14.683.868.087.098.500,0,3.617.010.909.520.640,7.136.138.959.863.060,28.083.887.234.538.000,12.950.139.893.115.100,4,284,13.692.570.870.704.500,39.370.212.197.766.900,6.381.113.925.327.970,50.0
4.679.570.714.197.350,12.5,20.797.259.889.055.300,1,869.580.642.073.456,7.311.300.054.730.620,9.749.347.181.335.430,10.513.751.491.304.200,24,509,1.407.701.938.966.330,32.879.673.685.144.100,24.051.363.563.387.600,4.957.224.234.536.830
4.553.505.798.731.010,0.0,11.773.288.767.339.300,1,6.880.013.856.607.710,6.819.105.413.885.870,50.249.889.549.036.700,6.337.292.967.602.040,4,320,14.332.542.507.078.300,17.746.200.053.525.100,2.365.344.783.063.500,4.545.603.939.141.290
13.502.405.516.901.100,0.0,56.083.217.363.931.100,0,6.333.877.700.480.140,5.554.891.463.430.790,2.366.436.672.362.960,4.862.399.037.024.650,5,220,12.143.056.384.884.500,15.243.776.809.867.400,2.646.486.169.706.040,4.206.159.632.383.080
23.329.457.518.206.600,62.5,24.208.615.650.568.800,1,4.186.926.796.398.520,5.038.460.879.905.360,4.035.172.505.023.810,1.097.518.446.054.790,24,495,20.918.388.311.136.700,8.319.395.768.906.230,37.689.507.071.519.700,399.214.111.198.185
7.199.477.847.603.490,0.0,3.143.989.709.071.770,0,6.094.602.299.248.680,7.246.706.268.432.310,1.997.624.951.476.350,473.845.286.950.889,5,162,20.042.352.714.898.500,18.076.278.396.775.200,2.018.924.461.892.780,50.0
12.158.467.091.162.000,12.5,15.152.351.796.418.800,1,5.055.186.022.976.050,515.030.225.579.156,8.370.095.887.685.440,11.754.670.905.948.100,4,205,12.312.864.476.664.300,24.935.304.444.706.500,4.017.877.083.668.790,50.0
6.919.910.826.115.280,0.0,12.305.257.278.247.000,0,7.052.317.008.051.840,7.309.419.981.409.260,13.756.988.392.034.500,11.299.921.492.112.500,2,467,12.569.860.879.994.600,1.925.887.290.802.110,19.693.923.060.488.600,49.120.603.463.493.800
7.562.599.401.082.800,62.5,1.466.307.017.646.030,1,6.626.458.784.756.140,6.668.730.332.160.540,876.057.196.465.505,39.471.553.343.841.600,3,689,19.828.768.474.766.900,2.708.521.303.258.240,31.723.981.089.690.500,4.309.584.833.728.750
15.368.920.093.000.800,25.0,239.340.748.423.006,1,5.995.842.540.042.350,6.146.623.142.325.920,6.499.870.748.304.640,47.466.299.180.604.900,5,579,1.206.803.287.569.700,17.984.105.364.515.100,14.985.742.216.948.400,50.0
2.095.541.405.013.560,0.0,8.861.406.006.503.900,0,4.516.446.008.666.100,6.509.433.379.034.710,3.136.157.728.987.460,9.933.843.006.187.560,6,159,16.689.989.137.081.400,17.025.521.244.155.400,20.570.913.309.167.300,50.0
3.602.811.194.415.310,62.5,18.844.776.143.671.400,0,6.154.458.782.406.720,652.570.365.481.437,15.708.898.583.792.100,31.517.109.049.119.900,6,215,1.307.297.254.294.300,9.046.668.194.040.820,12.826.485.654.359.000,50.0
19.746.071.264.012.200,0.0,11.462.928.690.800.000,0,5.770.181.314.471.340,6.058.312.727.989.040,6.915.602.350.023.220,9.051.467.204.786.740,8,408,1.791.632.227.018.550,3.970.496.946.418.840,27.603.847.843.415.500,40.991.694.517.512.700
5.821.417.297.007.460,0.0,1.668.865.956.077.560,1,8.107.595.264.773.950,7.197.981.064.443.510,5.220.752.963.731.800,24.206.626.170.937.500,1,407,21.983.404.178.844.000,13.834.553.507.946.500,435.436.769.534.938,50.0
40.133.940.250.418.900,25.0,945.860.988.446.215,1,836.602.404.817.671,71.739.806.024.196.700,9.405.527.813.909.130,32.616.607.942.056.200,8,173,13.720.215.155.414.800,12.990.629.509.789.100,15.662.627.538.880.600,50.0
5.887.840.955.065.550,25.0,6.064.494.028.681.730,0,7.555.494.924.650.450,6.308.961.511.274.650,37.885.714.585.903.600,6.505.563.905.475.340,7,303,21.566.838.473.593.900,61.116.819.607.669.700,6.192.102.565.032.580,50.0
12.304.791.407.616.400,0.0,2.548.600.804.749.170,0,4.917.839.739.673.860,5.780.003.929.309.780,5.993.411.163.048.360,9.204.698.994.980.650,8,226,2.065.478.543.935.940,39.485.748.884.758.300,19.561.215.077.516.300,4.805.288.404.120.050
63.850.366.237.521,0.0,29.929.056.573.615.000,1,3.228.537.062.508.920,7.114.167.831.083.000,7.664.258.819.312.300,9.133.715.079.063.000,8,490,2.185.854.968.143.780,921.837.286.370.395,6.519.026.179.111.420,50.0
4.836.295.428.728.850,0.0,24.006.042.809.706.100,1,8.552.015.755.463.270,4.784.207.733.902.820,587.910.636.682.203,7.698.144.994.714.190,24,544,19.661.886.336.025.100,2.587.306.269.015.410,5.252.442.025.378.700,4.831.015.511.828.650
22.687.354.377.829.300,12.5,19.817.187.182.032.400,0,8.952.073.509.952.010,6.510.724.824.907.920,8.308.865.991.395.250,39.932.394.128.549.600,2,384,2.056.994.251.453.120,1.681.898.326.087.810,28.214.152.885.211.600,45.530.408.909.820.600
6.220.832.141.561.280,100.0,6.501.501.624.289.670,0,37.621.245.739.350.400,6.717.702.575.746.240,437.615.800.632.136,5.569.156.505.577.610,7,492,1.794.597.639.575.320,2.658.893.202.534.200,7.162.061.956.843.410,50.0
11.624.506.623.031.500,0.0,1.346.410.730.251.780,0,7.113.696.142.699.210,5.620.153.715.655.390,7.434.175.381.293.210,3.708.356.932.425.760,24,270,20.672.840.811.745.100,2.867.006.789.280.070,7.037.035.988.769.270,47.694.027.527.019.600
11.406.369.870.310.800,100.0,17.998.701.746.576.600,0,5.550.879.212.938.320,6.881.649.841.206.350,1.876.443.920.264.780,4.047.191.675.448.760,8,660,13.115.122.558.794.100,25.406.726.513.868.900,2.410.824.784.317.830,4.972.069.515.029.160
1.298.912.899.491.400,0.0,9.137.178.599.061.070,0,3.891.122.429.034.470,6.181.529.897.078.360,9.995.360.237.352.040,4.555.464.227.684.220,2,152,19.416.543.043.684.200,27.206.495.824.826.200,2.700.158.651.068.090,50.0
21.766.634.810.879.500,25.0,1.127.970.742.491.470,0,8.988.607.865.793.400,5.818.009.914.635.610,1.901.740.353.717.260,7.587.324.821.368.740,7,452,18.287.235.870.011.500,9.238.816.285.850.880,228.671.252.320.752,50.0
2.984.995.787.322.800,62.5,18.100.357.029.531.300,0,8.599.373.126.770.640,6.874.256.337.764.570,8.332.046.151.056.880,3.283.543.774.062.820,8,342,12.598.464.827.378.600,3.939.555.930.088.960,17.826.404.488.937.100,50.0
2.102.072.525.196.370,25.0,6.072.630.711.451.770,0,8.895.653.257.696.280,5.440.020.899.911.570,22.818.940.558.347.100,14.682.647.110.250.700,4,420,14.915.903.713.486.500,22.335.006.486.329.800,15.238.723.845.757.800,42.629.272.551.958.100
5.660.479.379.164.580,0.0,1.339.543.678.243.310,1,386.337.752.622.087,6.808.435.335.594.710,7.868.578.249.022.840,861.700.116.979.079,7,459,14.161.068.003.725.100,3.878.192.689.074.750,22.240.156.684.454.300,50.0
40.641.959.943.128.200,0.0,5.647.160.206.312.690,0,5.951.547.151.937.960,4.812.357.650.326.520,8.640.273.686.869.230,12.398.704.066.640.200,8,537,16.051.754.507.988.500,6.566.822.119.015.200,39.745.900.074.319.600,29.432.995.182.966.300
19.481.432.648.564.800,0.0,5.754.012.248.803.870,1,8.374.644.979.928.180,63.999.931.127.118.300,8.791.080.880.855.720,11.678.632.996.449.700,6,707,13.983.533.415.237.300,16.203.980.393.651.100,1.795.355.334.500.580,4.509.806.097.385.960
1.021.595.737.940.800,12.5,174.114.615.213.426,1,7.050.950.674.674.240,6.230.690.769.349.440,4.862.040.779.749.120,4.853.140.612.713.370,4,486,14.748.296.441.519.800,13.427.420.759.538.400,23.466.276.720.830.400,44.268.535.914.975.800
5.234.715.701.681.950,100.0,1.782.798.906.072.040,0,5.607.610.819.749.500,5.822.212.963.193.960,4.402.367.136.542.930,1.072.395.095.511.000,6,286,14.960.301.352.428.400,302.029.970.682.345,36.850.501.420.982.000,4.764.110.005.273.130
20.185.562.810.495.000,0.0,24.895.206.115.624.500,1,6.100.165.445.277.460,6.472.737.407.522.300,8.371.153.075.281.210,10.730.438.425.559.700,7,464,17.998.108.951.245.300,2.990.285.744.420.360,1.984.398.501.783.390,50.0
11.103.230.656.533.700,0.0,4.934.878.387.672.580,0,3.231.609.628.206.330,6.144.300.909.442.540,5.878.994.384.917.970,7.597.849.866.705.100,6,457,13.348.737.600.701.300,19.461.751.732.788.100,31.463.700.497.313.300,4.149.677.016.988.600
668.659.758.938.145,0.0,1.861.971.796.411.060,1,6.669.103.060.885.750,6.938.286.939.113.880,6.288.512.948.587.570,9.991.315.243.251.070,7,668,1.441.101.234.722.100,6.459.201.686.934.520,2.239.744.890.176.650,4.343.043.816.794.280
12.218.338.934.381.000,12.5,23.725.201.896.884.600,0,8.158.293.100.201.570,6.592.105.692.162.400,25.134.577.878.444.900,578.527.187.199.562,6,489,15.171.480.609.800.900,7.008.228.367.197.770,2.585.108.266.512.250,4.024.055.455.086.210
10.264.448.655.258.700,12.5,16.292.218.251.872.000,1,30.167.617.592.476.900,6.516.885.963.012.040,45.723.387.391.855.400,4.896.000.713.153.260,24,670,16.490.679.382.760.700,2.010.626.684.386.550,3.736.759.517.080.960,38.892.051.591.831.200
41.834.525.403.723.000,0.0,24.096.943.731.517.000,1,39.597.880.658.863.400,6.404.302.842.492.140,3.820.599.103.054.510,8.207.083.873.527.230,8,539,1.238.088.632.829.980,3.388.058.276.996.710,10.274.469.643.898.300,50.0
13.346.245.868.112.200,25.0,24.863.804.139.305.700,0,6.107.940.732.031.920,586.948.348.041.707,6.720.151.279.062.730,5.466.009.623.802.410,8,493,2.199.211.452.072.760,11.590.862.691.910.600,3.613.665.568.082.700,32.881.766.883.412.600
26.578.723.181.306.800,0.0,2.013.979.784.340.270,1,6.365.785.956.125.190,5.988.737.515.017.010,2.125.536.144.188.120,71.182.945.782.301.300,6,347,15.003.920.025.520.200,4.716.905.476.026.920,2.040.998.876.662.450,50.0
6.458.562.873.403.900,12.5,24.982.504.763.293.900,1,5.060.114.070.998.550,6.373.751.088.154.620,4.176.368.881.878.420,4.056.051.659.262.180,4,303,14.873.448.607.356.100,14.166.894.611.263.600,2.466.381.040.042.060,4.934.832.300.712.360
7.176.189.778.842.030,0.0,15.832.699.253.040.100,1,31.676.068.799.672.400,6.078.648.359.025.000,8.517.574.178.181.940,4.659.099.474.038.520,8,209,17.548.705.865.911.800,3.091.572.646.654.500,18.552.260.906.537.900,50.0
7.960.751.562.481.650,0.0,12.677.864.469.035.000,0,7.461.600.573.299.030,6.978.016.981.303.090,5.555.167.635.467.610,1.904.098.395.438.930,2,478,2.054.032.179.322.110,3.915.428.539.595.980,1.117.582.654.474.060,50.0
24.992.309.053.056.900,12.5,22.982.088.232.070.300,1,4.457.550.709.470.850,6.265.415.132.680.620,8.981.230.977.783.150,959.509.185.390.202,6,702,16.568.093.680.607.900,12.600.316.053.911.900,35.742.804.145.600.000,50.0
18.826.085.649.617.400,25.0,20.858.418.115.132.600,1,6.867.463.811.404.800,6.463.176.625.477.590,24.787.689.507.754.700,4.837.359.096.712.860,2,157,14.488.392.008.397.400,37.322.667.955.592.100,37.859.902.669.847.500,46.452.302.521.824.400
4.174.516.753.669.550,0.0,3.197.745.796.921.520,0,6.354.880.446.465.880,5.218.121.246.273.100,4.511.052.698.663.040,1.172.499.059.974.230,6,721,17.658.755.031.953.500,2.730.914.763.442.100,25.331.172.044.714.700,31.191.836.458.408.600
1.557.045.972.099.810,25.0,7.916.704.846.569.740,0,5.585.028.494.759.550,6.860.261.190.442.260,510.407.898.731.203,385.734.706.530.671,7,665,16.829.425.500.257.200,22.644.279.496.959.700,3.506.535.876.101.060,3.862.261.117.595.920
1.050.468.863.579.990,12.5,6.885.805.450.534.640,0,6.541.737.019.670.190,579.317.848.442.796,4.125.560.591.600.620,62.255.794.829.647.800,6,412,16.230.748.270.222.900,1.901.987.988.489.820,12.341.523.039.140.300,50.0
2.817.162.467.143.680,0.0,21.453.910.654.753.800,0,7.170.232.463.823.970,54.701.424.923.923,6.908.036.911.005.790,4.360.854.205.922.300,6,338,21.838.829.507.842.200,2.749.520.427.213.550,11.841.959.018.752.700,4.672.949.969.682.780
1.291.221.961.296.240,100.0,6.214.511.180.516.690,1,6.433.465.907.675.770,73.523.302.063.788.000,16.574.541.536.160.000,8.633.179.124.072.410,3,498,2.195.950.264.468.560,2.745.101.334.184.670,1.409.559.334.358.420,50.0
15.508.548.693.397.900,62.5,7.949.096.925.615.320,1,6.345.152.592.616.090,6.688.335.065.702.810,52.901.238.236.842.000,9.892.025.115.824.620,5,663,1.761.943.828.457.590,4.208.424.304.305.760,10.010.490.928.636.900,50.0
8.399.407.863.250.430,0.0,1.321.032.203.024.550,0,561.646.648.114.252,6.883.967.003.224.240,15.599.690.346.648.900,63.571.180.356.966.500,6,167,12.680.039.270.718.100,3.631.134.982.113.350,20.420.857.822.000.600,50.0
2.596.001.633.961.460,62.5,2.364.927.424.487.130,0,5.580.207.134.832.690,65.181.473.280.351.200,6.366.135.390.118.030,5.036.203.131.468.330,24,419,1.766.917.580.482.890,14.718.536.817.506.000,37.513.420.339.286.800,4.412.242.566.159.650
7.130.126.995.722.460,25.0,24.050.126.244.628.900,0,5.945.795.910.176.480,6.134.794.442.867.400,8.336.431.706.089.770,9.192.264.509.702.300,24,178,21.524.721.483.828.800,1.413.092.486.171.980,3.516.644.419.356.920,4.816.708.291.324.770
2.374.894.426.611.550,0.0,12.531.038.025.129.600,1,5.712.467.472.936.230,6.004.277.194.360.610,3.959.710.575.969.270,31.060.054.847.042.700,24,536,21.256.925.306.946.800,1.626.362.175.531.970,20.308.917.704.517.500,4.246.119.405.921.170
20.215.519.848.253.700,12.5,5.165.626.238.716.410,0,5.634.147.505.842.080,6.745.377.129.819.660,4.677.974.972.698.550,7.594.129.720.333.450,3,196,14.155.008.494.313.200,2.741.131.221.235.730,1.460.173.616.721.490,50.0
4.051.454.431.749.810,0.0,7.135.108.076.681.660,1,4.262.220.427.262.480,6.992.763.329.566.800,5.028.495.199.740.890,9.069.869.063.002.110,5,339,13.901.194.820.302.800,1.504.070.944.198.740,2.485.582.430.777.870,50.0
13.782.433.652.651.200,12.5,20.053.051.803.635.400,1,7.349.027.526.333.410,6.152.271.376.451.900,7.258.491.264.400.740,39.619.657.251.697.900,6,593,13.522.558.550.115.600,14.953.242.477.088.100,24.878.067.205.682.600,4.111.165.026.079.460
5.517.534.697.028.660,62.5,16.033.158.764.371.300,0,37.977.148.134.570.200,7.650.780.005.290.560,9.322.553.333.553.500,8.212.692.741.254.210,7,601,20.197.843.494.123.400,25.385.951.851.377.400,2.766.679.947.115.650,50.0
1.531.483.087.199.410,0.0,11.883.337.593.473.100,1,8.452.262.536.009.930,6.061.877.015.202.430,4.179.003.656.446.940,9.087.487.595.956.180,8,286,16.900.550.569.894.700,16.665.666.577.077.100,21.888.401.007.426.700,4.946.814.546.997.210
45.766.872.816.038.200,12.5,8.624.233.501.006.360,1,6.749.077.264.632.950,5.224.194.088.577.010,7.897.716.065.491.040,22.915.829.243.247.900,8,457,15.380.465.706.592.400,5.979.139.081.750.150,2.043.455.148.061.390,44.122.306.176.628.900
7.609.833.543.286.110,0.0,2.256.676.689.371.700,1,32.934.040.747.396.400,49.949.340.813.042.100,5.415.016.702.806.560,4.562.982.327.730.860,6,260,15.248.071.688.397.000,3.422.357.016.239.120,39.658.141.765.444.400,50.0
46.070.788.835.111.200,12.5,194.278.312.371.584,1,6.953.992.198.489.520,5.018.557.242.484.470,7.548.492.643.509.960,5.469.366.527.276.070,7,504,14.754.132.429.543.800,13.380.443.327.891.400,3.897.722.443.078.860,3.484.600.271.337.560
13.741.707.260.651.100,62.5,18.093.744.915.071.600,0,5.169.085.569.034.900,5.910.331.745.199.250,3.767.295.846.662.240,9.535.531.367.658.870,24,155,2.082.619.774.114.400,3.843.469.592.246.680,30.103.176.510.194.300,50.0
12.889.702.251.582.400,0.0,1.142.701.236.312.220,1,8.578.589.066.283.870,6.037.587.385.221.050,921.685.928.248.138,724.255.646.203.794,4,638,16.096.798.927.471.000,27.381.120.102.679.200,3.798.162.904.548.660,3.011.948.945.448.150
4.959.113.858.451.510,12.5,245.384.236.936.154,0,8.616.452.918.938.240,6.677.819.746.375.920,9.579.835.305.512.450,5.945.176.204.506.010,8,163,1.444.017.735.641.880,30.246.061.393.092.900,1.424.149.843.971.380,50.0
17.805.423.876.992.800,0.0,17.896.722.271.264.400,1,807.557.029.111.708,617.997.437.532.236,10.934.111.768.674.100,45.064.969.353.798.500,8,515,19.104.048.060.652.700,3.791.004.725.610.980,2.186.302.731.421.840,4.465.227.318.159.860
2.173.513.052.970.990,25.0,10.878.805.762.173.100,0,6.407.093.411.843.710,6.790.359.724.243.920,5.379.161.868.108.650,10.446.750.394.737.200,3,393,18.354.545.568.917.900,9.557.390.632.666.600,13.556.124.844.379.300,50.0
5.561.919.163.412.100,25.0,24.033.525.071.420.600,1,851.506.614.783.127,6.231.424.982.835.970,4.814.073.720.549.390,12.224.210.005.994.500,24,284,19.153.655.545.940.900,2.269.163.878.769.060,3.644.846.682.450.920,3.822.063.751.759.880
1.125.747.032.916.450,25.0,2.244.526.241.500.990,1,6.898.849.134.437.150,6.209.464.998.288.800,6.456.981.769.156.030,3.644.908.483.098.840,24,475,2.021.956.114.529.860,1.629.032.179.782.480,12.221.601.943.477.600,50.0
22.640.907.498.022.100,0.0,1.862.914.724.183.610,1,8.250.774.332.826.660,5.795.739.588.194.080,2.444.750.120.444.330,2.283.596.664.186.010,8,235,13.012.337.145.689.100,4.030.347.518.227.760,2.805.864.085.098.790,4.618.774.810.751.570
10.544.861.383.730.700,12.5,19.291.404.979.692,0,3.960.319.195.626.850,71.958.119.222.784.600,2.415.077.251.573.380,23.154.525.673.055.200,3,497,12.019.887.414.501.400,14.663.476.798.751.500,7.827.167.420.754.170,50.0
6.469.372.599.415.960,25.0,10.878.873.742.500.600,0,8.425.081.880.587.220,5.127.960.992.395.400,7.541.273.764.143.090,7.630.135.864.730.900,3,536,12.505.662.411.561.500,2.730.007.402.499.760,5.104.806.591.990.230,4.677.556.435.513.230
7.851.814.778.584.060,25.0,12.930.087.338.939.200,1,6.969.544.167.392.800,6.410.917.203.499.710,3.059.298.966.905.790,7.660.008.555.422.140,7,424,1.906.793.259.148.810,3.326.774.409.622.130,7.069.748.007.947.300,50.0
5.505.327.620.390.300,12.5,5.192.909.806.402.650,1,48.196.435.388.323.300,6.072.844.676.775.530,7.327.459.004.568.020,1.492.493.203.810.770,3,366,21.344.965.402.497.100,10.256.168.098.938.900,2.164.875.539.803.000,50.0
18.185.228.119.602.600,62.5,15.087.208.015.579.200,1,8.986.881.163.085.400,67.472.282.182.531.500,6.478.928.453.779.880,7.533.287.769.804.540,3,425,15.311.053.820.163.600,29.963.088.545.504.200,3.393.710.057.985.860,40.726.052.762.199.000
16.678.837.838.315.800,0.0,9.562.955.434.797.260,1,712.130.380.412.684,61.854.194.191.909.000,10.166.061.026.259.000,2.604.004.534.370.710,6,723,19.811.941.663.944.400,8.971.646.297.921.990,3.997.190.928.174.330,29.806.857.577.710.500
44.787.831.733.179.900,0.0,9.012.238.976.473.650,1,8.450.496.348.124.370,62.060.505.939.311.200,7.169.070.469.413.520,5.149.483.082.879.630,1,601,19.291.845.108.686.600,2.422.242.446.532.410,2.528.463.870.928.340,38.418.583.903.077.000
5.227.894.922.907.120,100.0,23.731.590.927.882.600,0,30.335.131.258.621.000,6.013.352.264.383.200,881.925.067.113.807,11.886.522.456.343.400,8,153,21.780.615.792.859.100,2.176.520.998.229.370,2.181.053.774.203.940,50.0
2.136.697.012.569.830,0.0,4.537.194.113.007.930,1,6.314.030.457.295.110,7.175.279.482.892.390,8.203.133.322.006.690,6.742.058.995.424.930,6,323,1.670.793.081.489.700,23.422.344.912.228.800,31.688.421.028.141.700,50.0
12.369.843.369.734.100,62.5,20.834.352.810.291.800,1,7.275.195.741.436.210,6.201.684.119.542.200,28.684.628.571.979.600,13.760.681.469.857.900,2,164,1.366.072.967.286.890,19.885.901.843.772.500,3.486.023.899.627.790,50.0
3.060.697.231.293.050,12.5,7.395.979.989.698.300,0,3.082.421.334.712.260,7.578.755.848.129.430,5.489.196.280.158.510,48.242.402.184.712.900,6,292,1.965.231.400.587.740,1.081.700.911.717.720,3.256.649.217.849.160,4.979.886.374.306.010
30.749.436.757.864.900,62.5,12.020.629.109.906.200,0,7.575.355.350.737.090,6.390.572.957.139.270,9.150.704.675.379.530,8.379.879.747.204.420,2,617,20.188.188.640.214.300,26.191.434.411.306.300,3.057.680.209.868.120,40.031.390.173.275.800
40.655.327.541.281.300,12.5,14.913.454.558.062.700,1,6.908.689.159.005.880,62.152.318.885.581.200,606.751.160.715.183,34.705.767.309.859.900,2,662,1.907.300.075.704.910,22.720.413.970.136.000,21.652.119.518.093.200,4.369.247.992.151.390
1.188.896.353.305.940,62.5,11.014.848.568.353.800,0,46.485.579.215.561.700,6.098.271.128.101.890,30.451.954.924.003.900,1.160.894.160.654.430,6,424,2.063.181.673.279.770,32.704.265.473.186.000,18.964.920.541.096.000,50.0
2.949.397.941.776.140,25.0,11.634.292.200.637.600,0,7.133.669.678.086.490,6.594.972.829.779.620,21.065.374.915.980.100,5.678.230.676.800.070,6,563,15.711.825.833.199.000,27.417.951.169.351.300,8.885.682.240.461.900,50.0
10.307.304.745.375.600,12.5,834.615.264.688.654,1,3.785.406.233.981.660,5.788.124.638.964.950,6.912.485.787.678.620,1.231.960.374.169.810,5,372,18.903.150.032.235.400,294.589.782.957.523,15.418.791.376.768.100,50.0
7.764.268.931.128.720,0.0,16.885.100.336.326.900,1,794.422.319.261.284,63.020.196.793.273.200,7.758.288.560.186.150,6.946.227.810.742.540,7,436,1.463.848.639.163.060,2.538.170.407.856.270,3.770.766.681.122.880,40.250.556.459.350.400
39.893.234.227.118.800,0.0,1.239.089.807.307.230,0,8.197.350.703.551.020,6.205.695.909.875.470,9.143.330.696.190.520,8.438.085.867.877.900,5,647,16.464.401.459.398.300,19.174.190.888.045.300,25.901.064.143.411.800,3.895.140.450.623.630
746.607.817.353.314,0.0,2.315.770.125.113.340,1,5.912.861.581.670.980,6.427.673.389.485.630,9.076.022.518.624.430,6.015.902.947.569.090,7,315,14.424.921.691.556.100,19.336.541.990.420.800,2.089.361.191.670.420,50.0
505.139.813.631.488,100.0,902.774.427.537.525,0,604.465.300.768.993,6.445.021.228.383.220,35.249.456.279.340.100,11.209.879.237.512.500,5,341,13.545.336.726.481.400,36.942.856.655.691.800,20.048.630.395.826.700,50.0
12.153.984.391.433.400,0.0,2.998.086.979.322.640,1,5.412.326.165.198.100,648.139.641.612.874,6.117.993.928.756.680,1.092.125.384.212.160,8,231,12.359.532.480.019.800,19.097.639.557.069.700,31.419.053.533.146.800,4.710.191.380.180.760
3.173.696.069.360.950,25.0,20.414.345.003.109.200,1,50.720.039.112.228,6.266.433.322.321.300,1.194.888.021.418.130,25.285.608.046.803.300,7,280,1.871.424.258.192.330,15.984.278.435.248.100,13.621.579.319.619.700,50.0
924.580.023.030.713,12.5,5.603.512.312.437.330,0,8.237.389.673.120.680,7.298.260.444.644.560,1.125.732.991.605.210,18.794.298.407.890.200,3,172,20.752.730.882.774.100,34.459.016.083.509.300,4.686.467.347.620.580,50.0
9.540.609.693.184.030,0.0,1.766.409.879.845.830,0,48.292.390.547.252.300,6.495.798.171.327.730,9.003.919.546.453.560,4.435.398.971.738.690,7,639,15.144.194.343.112.600,33.823.129.159.349.500,2.740.468.900.380.100,4.192.243.447.971.140
7.953.113.465.134.270,100.0,17.552.040.320.280.300,1,5.417.100.071.126.350,802.419.040.185.153,928.601.361.166.154,7.689.459.284.944.550,8,661,1.629.235.383.447.720,29.090.438.120.000.900,13.831.624.308.252.500,50.0
11.129.239.815.646.300,0.0,2.160.403.361.403.720,0,47.994.977.786.670.700,6.234.895.985.996.110,16.938.377.770.294.300,7.617.548.457.468.730,2,402,12.035.469.483.025.700,33.174.399.316.000.300,13.698.120.642.288.500,49.905.522.502.179.200
7.401.166.738.961.120,12.5,19.032.272.666.014.900,1,6.940.276.564.756.350,6.871.239.304.718.620,49.267.967.451.885.500,39.880.740.969.752.500,7,506,1.612.854.772.531.440,49.731.392.393.176.200,18.733.894.207.671.000,50.0
1.363.718.385.969.610,0.0,13.619.644.337.898.000,0,7.885.309.986.669.490,56.917.655.541.377.200,4.444.109.174.985.190,11.462.106.014.547.000,8,299,14.813.221.150.820.800,3.043.662.220.321.360,10.466.626.847.678.500,48.349.621.343.122.600
7.947.748.358.159.520,0.0,8.158.996.156.226.890,1,39.860.149.616.648.400,7.180.552.478.717.910,3.382.756.874.341.210,4.380.648.883.870.870,3,177,17.742.000.301.246.000,13.121.363.319.365.100,36.946.398.662.477.900,48.925.578.188.585.200
18.733.306.973.710.100,0.0,6.423.816.316.098.920,1,4.528.455.095.371.390,5.707.001.244.257.870,5.469.760.393.044.070,9.846.193.797.112.710,24,459,2.108.517.182.851.060,3.469.979.173.873.110,3.403.184.646.472.740,3.844.913.447.725.240
9.209.279.737.316.580,25.0,16.354.868.291.550.900,1,36.246.462.511.724.600,65.191.146.125.692.600,22.735.072.664.116.800,10.151.781.986.431.700,6,245,17.061.525.691.215.100,14.809.258.639.474.300,39.652.444.907.949.300,50.0
1.793.445.643.332.410,0.0,7.597.973.096.563.740,1,39.611.037.421.613.500,6.014.900.958.905.110,3.925.463.515.532.050,20.827.852.082.007.600,8,658,18.755.326.599.028.600,21.721.580.848.030.100,3.861.740.304.129.580,320.361.260.821.888
5.135.350.367.691.240,62.5,662.745.249.233.399,1,5.441.289.746.734.290,6.516.405.457.981.810,489.757.179.260.261,35.580.820.339.893.700,24,317,19.054.828.398.056.200,16.575.209.470.814.600,13.263.758.463.328.400,50.0
35.231.218.959.564.000,12.5,2.438.322.574.896.800,0,7.655.257.738.254.830,6.035.642.634.189.950,8.072.382.984.811.940,33.671.065.874.526.800,24,592,13.524.319.121.747.400,3.027.108.140.305.440,15.843.320.388.550.600,4.373.932.434.835.920
135.655.952.087.521,0.0,47.688.847.139.531.500,0,624.970.760.981.349,5.647.522.974.255.140,7.069.441.607.156.120,11.116.164.484.522.700,7,307,15.465.706.078.118.200,20.037.282.439.175.800,2.823.206.162.170.280,3.904.247.892.023.990
8.060.193.416.980.680,0.0,1.294.651.126.310.220,0,33.196.576.673.229.800,6.009.885.397.141.550,8.527.665.679.375.980,4.862.154.163.328.280,8,225,13.131.455.512.649.900,3.054.535.647.235.870,16.179.901.995.760.400,50.0
759.464.145.510.679,0.0,23.760.064.682.206.800,0,675.052.049.810.387,7.279.106.086.899.150,38.877.227.055.981.800,1.020.118.466.730.650,4,479,16.407.466.037.885.900,14.109.496.346.442.800,3.976.166.653.016.260,3.544.634.372.060.920
440.002.929.467.774,25.0,7.997.164.690.382.640,1,777.182.501.332.992,6.527.093.387.953.600,15.808.741.724.144.000,6.258.198.023.950.020,5,259,20.872.856.816.097.400,708.656.814.404.116,14.228.802.005.785.400,50.0
10.344.172.781.709.100,12.5,10.138.791.240.205.900,0,5.360.806.809.459.370,5.297.804.979.084.600,413.035.334.654.392,6.029.409.486.134.220,24,389,16.809.343.507.374.100,22.544.317.241.711.700,2.172.795.107.899.010,3.932.971.841.282.520
7.531.452.197.696.940,0.0,24.829.051.466.138.300,1,44.700.756.082.329.900,6.966.767.890.868.040,9.637.984.412.465.070,10.937.634.933.525.600,5,325,16.561.529.832.189.200,15.412.550.153.905.200,27.079.312.173.084.400,50.0
4.232.465.309.473.010,12.5,10.399.597.754.106.300,1,7.583.626.369.182.520,5.575.940.073.770.900,23.004.104.217.612.300,5.849.915.479.138.690,8,679,14.093.235.457.952.500,2.720.702.974.680.790,36.651.706.010.250.300,3.123.732.976.616.000
8.008.526.313.443.450,0.0,2.431.942.162.382.940,1,3.143.437.433.765.550,6.720.351.501.640.700,19.126.025.571.458.100,919.337.108.954.019,2,451,15.102.172.800.870.500,3.850.216.932.481.680,2.612.131.651.034.620,484.219.650.601.537
9.035.688.597.885.080,12.5,17.503.483.087.032.800,1,7.893.546.146.494.400,65.872.156.033.171.300,9.454.505.306.358.940,5.668.152.519.694.030,4,581,21.365.995.725.349.000,26.394.478.428.020.500,24.281.783.188.432.600,4.774.224.760.210.770
15.654.848.241.922.500,0.0,12.108.708.698.413.300,0,78.255.574.892.652,6.631.417.326.375.940,9.509.246.231.140.080,21.205.671.023.394.300,3,503,15.029.953.242.620.400,16.694.515.795.303.900,12.714.012.666.861.900,45.772.011.731.783.400
1.759.835.097.602.460,0.0,8.033.055.327.302.640,0,8.327.915.584.165.240,7.497.232.416.317.720,1.662.521.173.413.170,15.840.427.394.719.200,6,696,1.931.386.585.550.010,21.694.560.737.733.600,24.045.934.403.519.400,4.044.428.004.887.690
2.035.582.077.022.260,0.0,9.468.077.002.385.520,0,35.368.796.437.417.400,561.995.135.256.859,7.740.638.043.201.750,3.290.641.946.765.670,2,413,12.421.416.649.144.700,3.651.305.926.784.680,302.383.590.066.987,35.085.283.006.550.200
4.379.500.113.150.860,25.0,15.475.089.674.024.800,0,36.465.508.914.277.400,662.755.634.312.078,441.147.654.102.055,8.944.948.398.498.140,5,667,1.328.313.960.094.490,2.691.956.986.648.850,21.108.075.479.251.800,50.0
2.754.036.081.970.130,25.0,6.734.026.533.830.080,0,8.236.516.943.562.860,708.171.202.870.267,5.023.714.016.848.230,5.110.146.921.105.440,24,688,15.114.779.163.048.900,3.212.717.991.018.110,31.405.776.633.197.800,45.001.541.148.540.100
7.585.878.876.454.570,0.0,4.222.714.374.632.400,1,5.851.576.602.973.190,574.966.080.886.259,5.087.143.835.289.830,5.995.183.395.262.770,8,702,21.014.208.613.602.200,1.206.073.636.406.130,37.149.088.280.932.000,4.375.091.472.642.330
48.194.647.903.278.000,0.0,1.755.760.251.161.930,0,5.354.031.044.465.190,5.677.972.493.639.500,9.690.041.298.959.760,2.120.640.383.693.030,8,567,14.192.916.548.790.500,297.728.462.735.309,14.079.720.588.984.100,4.206.406.986.368.040
469.631.293.483.531,25.0,2.180.200.953.941.180,1,6.439.761.390.782.190,59.989.687.228.592.900,2.009.678.919.650.860,7.853.413.597.668.650,3,738,1.926.744.610.085.000,5.577.254.773.594.470,38.432.743.428.497.500,3.414.726.186.574.460
2.633.216.253.002.430,0.0,22.587.703.256.309.900,0,335.149.842.093.864,6.427.313.125.075.440,7.776.024.605.477.610,983.793.031.442.147,5,597,136.752.446.689.969,299.910.246.562.087,13.614.332.109.559.400,47.700.853.862.732.100
3.233.846.856.630.400,12.5,2.111.475.403.101.120,1,6.862.297.019.376.480,5.212.666.608.227.330,25.560.626.192.416.100,7.871.515.684.047.980,7,337,18.128.420.461.181.400,35.262.343.712.096.900,25.252.356.770.807.800,4.289.389.721.222.860
9.181.101.115.183.730,0.0,1.349.969.220.164.800,0,8.670.498.921.536.380,6.585.981.393.600.820,6.360.379.047.706.290,11.830.754.900.078.300,1,244,17.868.282.307.512.800,3.600.929.868.213.680,21.275.505.549.005.800,48.113.428.413.378.300
10.028.656.137.371.500,0.0,19.826.358.740.600.000,0,7.054.319.365.002.310,5.214.129.280.777.990,6.596.244.171.650.780,11.797.553.066.371.800,6,275,1.821.947.901.139.670,46.636.024.421.059.000,3.752.833.651.958.580,3.567.395.467.550.840
13.630.128.061.750.000,12.5,23.195.715.428.300.900,0,5.787.210.673.855.100,7.105.331.578.065.210,758.632.085.261.674,11.723.680.997.557.300,24,494,14.862.765.216.625.300,3.319.528.210.294.930,7.348.103.179.836.030,50.0
8.635.767.485.301.410,0.0,10.723.834.453.747.800,1,8.765.285.931.668.930,6.559.636.779.663.080,927.443.115.550.003,6.500.061.634.265.440,2,249,13.621.029.969.525.800,4.397.460.910.721.460,12.676.135.880.880.600,50.0
2.507.477.814.285.070,12.5,10.596.406.333.850.700,1,7.131.098.483.420.480,7.539.197.910.494.920,7.587.584.035.425.260,39.304.886.476.476.200,24,292,20.864.857.491.370.400,19.135.878.131.310.500,3.463.271.491.180.350,4.655.790.800.013.920
2.825.562.842.558.830,0.0,5.501.074.249.469.770,0,3.341.762.614.260.390,6.668.148.632.426.500,7.375.011.061.227.180,8.551.614.458.861.040,4,526,17.694.439.375.014.800,27.300.861.187.446.600,26.981.899.246.154.700,4.390.478.832.393.240
2.133.602.210.346.230,0.0,24.920.835.242.900.800,1,702.027.919.087.879,59.866.676.842.153.000,26.871.176.599.455.500,9.725.311.689.084.450,4,349,1.412.043.169.720.930,19.369.964.460.469.900,2.217.892.506.609.290,40.993.262.051.517.300
1.076.841.598.401.130,12.5,2.327.436.723.601.270,0,33.581.751.765.176.500,56.409.260.053.476.300,9.929.829.149.880.490,21.267.949.966.129.900,4,558,1.613.329.053.195.430,1.359.638.408.840.580,16.401.115.287.656.300,4.519.920.015.251.730
15.646.054.508.308.800,0.0,20.153.555.801.361.600,0,4.843.379.296.739.800,6.367.223.740.654.500,47.904.063.470.544.700,11.090.720.230.208.500,24,748,12.670.914.929.252.000,2.735.284.629.983.420,17.041.301.887.799.800,4.132.449.407.865.950
6.390.699.749.118.230,12.5,7.749.055.225.591.050,1,6.694.100.882.416.300,61.788.245.880.654.800,4.291.011.002.336.380,13.291.523.158.671.100,7,202,16.753.761.166.023.700,2.643.515.100.427.570,3.746.198.462.781.550,4.731.804.682.174.570
1.804.524.762.843.910,25.0,238.265.054.813.557,1,42.936.960.971.211.800,7.030.297.324.414.090,5.118.400.218.115.510,8.572.443.205.739.460,8,534,16.238.907.761.829.600,23.315.706.206.622.600,27.171.948.576.818.600,50.0
5.062.339.964.929.900,100.0,12.166.357.815.225.300,0,3.229.135.107.565.790,55.499.668.285.516.000,4.061.753.266.386.090,522.950.842.883.018,5,642,13.327.262.373.733.900,21.137.146.591.069.200,3.723.483.707.019.030,43.278.920.000.460.600
3.753.586.583.534.490,0.0,5.106.972.809.680.600,1,6.707.722.132.679.320,7.614.631.400.322.680,6.017.648.198.014.350,8.341.831.340.908.700,24,234,16.443.723.351.825.400,28.229.595.964.893.500,3.891.525.824.273.170,4.904.784.206.457.060
36.582.861.287.935.100,0.0,15.613.406.978.657.600,1,47.151.436.972.980.600,7.092.343.859.200.490,36.263.209.798.932.500,20.739.995.377.198.600,7,619,18.395.323.395.927.000,1.612.148.226.804.600,223.333.122.380.246,4.270.284.436.261.060
12.375.354.776.628.100,0.0,19.928.664.445.428.500,1,619.778.534.603.519,6.057.533.458.819.990,25.514.595.196.570.300,11.307.883.513.826.600,7,454,21.284.904.447.334.200,27.507.299.096.935.300,2.478.566.886.402.110,3.825.494.809.224.030
230.527.191.870.747,62.5,22.148.955.901.331.400,0,45.668.734.734.277.200,7.458.474.628.346.330,9.294.350.037.598.240,11.311.491.738.240.200,8,527,19.031.851.939.595.200,21.498.180.407.648.900,26.598.232.233.771.500,50.0
242.912.513.814.968,0.0,786.246.096.218.084,1,7.118.573.081.572.870,565.181.033.345.991,9.292.719.103.713.950,6.713.408.955.937.220,8,180,17.024.352.863.697.500,28.938.222.089.753.400,3.372.759.111.231.420,4.278.362.545.264.600
8.358.911.345.611.610,0.0,10.074.712.726.204.400,0,8.374.208.346.958.220,634.391.285.294.066,5.063.205.045.250.740,6.605.429.874.716.590,7,411,1.970.051.117.861.140,11.966.396.304.642.600,26.703.796.791.645.700,4.104.378.520.972.500
16.316.081.845.881.200,25.0,11.643.271.347.866.700,1,3.519.388.816.773.850,5.306.470.263.901.240,9.629.043.970.654.170,7.982.890.065.950.740,3,370,14.799.352.813.508.400,5.630.045.525.437.290,5.471.249.465.114.770,50.0
3.528.440.525.465.600,0.0,11.608.585.540.809.100,1,7.717.912.112.728.550,7.492.598.479.410.980,4.274.028.166.474.700,7.380.758.456.022.910,24,242,18.687.815.984.448.800,3.647.364.776.648.470,3.775.477.427.261.240,47.200.900.574.159.000
3.567.043.915.411.790,12.5,21.667.246.699.776.500,1,39.365.703.307.220.900,5.046.829.230.843.310,3.996.312.910.972.860,69.790.122.351.026.200,4,607,12.050.621.667.984.700,34.549.986.589.847.800,2.677.643.997.969.170,3.696.798.605.689.190
25.485.973.972.430.800,0.0,877.973.617.696.145,0,4.976.458.723.075.860,519.169.081.261.649,918.568.012.999.891,74.811.026.377.452.600,24,453,12.725.511.304.495.200,24.737.368.771.652.700,34.926.773.599.792.100,3.671.916.036.484.030
1.601.647.136.247.500,12.5,5.382.322.117.006.440,1,5.144.191.774.949.740,5.755.700.825.057.150,6.402.586.629.627.100,10.444.931.893.965.300,5,676,1.824.265.636.461.780,31.464.286.148.163.000,17.564.772.085.496.700,4.670.293.683.909.760
1.654.706.114.700.090,25.0,10.525.328.045.948.800,0,4.237.859.934.109.560,7.125.626.572.273.310,7.672.670.225.969.440,7.721.734.575.388.620,3,245,13.925.495.743.879.500,38.752.212.590.976.800,1.951.393.795.773.400,50.0
6.079.855.326.548.280,0.0,17.908.802.685.026.100,1,34.514.060.451.782.200,686.839.142.025.522,4.244.889.549.327.400,3.154.177.902.764.190,5,588,18.887.295.862.647.100,2.277.035.922.907.360,2.786.539.775.617.880,46.865.683.756.664.300
5.791.072.523.641.690,12.5,21.837.431.695.148.300,0,7.610.918.881.576.870,6.285.435.439.760.370,41.886.163.118.649.400,1.105.303.244.417.120,7,512,18.367.532.645.038.200,9.767.267.384.013.590,3.127.975.546.694.980,3.984.124.626.661.800
43.197.032.670.829.400,12.5,5.776.723.422.282.750,1,7.761.765.235.639.650,6.913.248.347.817.100,10.163.763.078.053.800,33.755.668.044.113.000,5,540,12.636.667.494.079.200,25.552.479.621.304.800,405.988.968.929.994,50.0
49.803.014.865.601.000,0.0,4.729.017.692.367.190,0,8.980.999.742.268.140,6.119.210.392.702.190,9.674.090.069.214.970,2.816.778.642.701.270,8,335,15.924.966.665.946.600,3.658.374.704.401.810,1.688.637.050.751.570,50.0
17.051.182.132.432.500,62.5,23.622.682.711.598.400,1,8.607.625.493.971.960,6.495.700.145.487.590,2.433.997.875.052.630,11.967.636.119.702.400,7,564,18.130.021.983.069.500,276.059.280.559.392,3.102.439.883.145.970,4.473.269.745.973.830
3.647.527.877.707.730,25.0,13.996.878.969.507.400,1,5.607.854.540.308.930,7.356.208.252.959.280,5.043.817.223.612.520,3.347.583.638.983.310,4,298,19.134.816.315.833.500,10.496.156.459.761.200,3.969.720.127.570.610,50.0
7.358.785.486.278.510,62.5,9.461.414.465.302.120,1,38.003.280.872.506.300,6.027.366.788.757.050,13.231.806.640.914.900,21.010.269.452.534.800,6,607,2.016.084.160.526.740,3.668.530.415.450.060,14.540.555.966.538.700,50.0
33.041.217.990.235.700,25.0,538.332.664.907.101,0,3.064.200.048.117.150,5.663.539.165.459.800,654.014.541.087.279,7.182.079.319.562.300,8,414,15.304.429.016.650.200,3.014.701.021.015.870,11.327.520.870.227.600,50.0
8.919.240.167.774.650,0.0,2.488.357.164.386.170,0,6.189.105.230.982.900,6.529.260.200.028.890,4.030.579.412.428.110,10.099.131.180.424.900,24,437,20.367.160.422.547.800,1.607.324.053.589.590,19.129.094.694.248.400,4.147.759.796.597
5.711.728.585.115.020,0.0,18.120.015.033.743.000,1,8.163.398.464.997.080,6.718.192.015.244.080,7.723.086.366.105.790,16.682.579.184.963.200,5,498,15.542.544.260.056.400,39.499.675.573.962.600,969.472.636.896.289,50.0
11.624.535.911.946.800,0.0,5.838.190.050.340.540,1,46.074.224.374.831.200,6.277.313.416.001.690,5.378.110.813.982.050,63.911.459.274.010.000,24,200,1.206.986.841.200.000,2.886.717.331.342.180,2.049.965.743.748.470,50.0
12.746.079.989.439.100,0.0,27.358.563.982.652.400,1,4.193.648.207.928.410,6.902.366.919.594.220,14.688.972.888.123.800,17.535.257.450.268.800,1,370,18.100.058.998.370.100,33.017.643.273.427.600,22.042.177.940.108.300,4.584.855.969.106.600
23.315.065.597.804.600,0.0,5.382.417.427.222.020,0,5.633.720.230.624.930,60.591.186.046.365.400,30.525.698.423.047.000,5.715.602.296.782.110,7,271,14.416.685.971.579.300,3.772.666.236.999.340,2.632.654.575.254.690,459.440.070.511.227
3.415.009.135.491.660,0.0,6.569.693.795.735.660,1,8.361.196.805.713.400,6.289.282.206.708.440,22.819.970.865.429.800,47.835.614.164.735.700,8,728,13.243.813.019.935.200,1.583.138.588.842.640,17.226.420.378.926.400,4.270.013.233.941.360
4.715.968.801.804.520,0.0,32.215.984.069.092.700,0,5.710.042.990.622.660,6.462.202.417.794.520,7.298.595.649.240.460,2.508.423.599.463.620,6,403,1.458.357.810.004.810,30.976.793.761.467.100,15.425.245.107.845.200,50.0
13.811.804.185.598.800,62.5,6.126.458.582.486.540,0,7.336.277.435.986.280,6.401.152.726.626.210,8.319.438.450.488.460,11.241.231.257.732.300,1,153,20.279.139.980.794.000,1.545.385.741.431.200,3.943.881.184.699.990,4.413.814.278.797.280
56.285.374.099.225,0.0,33.611.027.708.568.000,0,577.515.726.104.816,7.329.290.140.502.190,3.545.083.349.464.220,7.983.756.773.976.000,7,165,2.114.001.308.260.180,3.476.300.051.595.090,19.623.612.405.586.600,50.0
1.247.865.662.854.140,12.5,9.754.426.671.720.780,1,5.237.753.288.657.660,6.458.689.375.000.230,5.452.065.698.081.970,10.273.619.306.360.200,5,697,2.161.696.623.870.240,35.155.834.237.329.300,32.124.708.676.425.800,39.956.893.041.430.500
1.209.894.948.950.930,25.0,12.411.783.849.661.100,1,5.645.472.326.976.850,5.987.268.505.555.050,2.552.130.246.493.840,1.096.538.982.099.660,3,244,1.502.830.363.000.250,33.144.738.820.107.700,12.199.792.715.636.200,50.0
11.827.252.843.931.100,12.5,11.654.481.828.232.400,1,7.610.403.196.040.270,6.569.587.191.043.700,8.828.343.761.015.610,11.232.038.640.873.300,3,150,16.559.287.081.890.400,3.116.802.342.611.170,3.337.734.186.980.140,4.806.647.056.641.850
1.457.386.215.410.760,0.0,20.815.646.674.552.000,0,7.526.436.335.268.050,6.906.195.588.189.080,9.659.030.029.909.980,9.229.260.780.063.160,8,277,20.025.261.028.081.800,31.771.313.384.997.300,33.124.287.878.795.900,4.560.829.390.282.250
935.484.428.361.279,12.5,672.288.696.520.043,0,5.590.549.071.692.400,6.741.964.809.063.150,7.578.812.232.524.010,437.643.146.757.617,4,280,15.179.026.885.070.400,11.862.100.028.864.300,1.144.038.273.627.790,50.0
6.100.209.818.646.080,25.0,2.223.379.868.526.440,0,4.605.704.552.571.990,6.703.165.299.814.080,1.071.089.861.799.940,10.118.258.807.408.800,6,197,15.851.431.863.129.400,16.261.128.245.055.600,26.578.343.133.526.500,50.0
8.997.479.546.182.770,62.5,22.749.009.053.955.600,1,3.834.762.234.502.470,5.151.364.899.540.170,4.483.762.090.065.400,6.722.012.026.302.760,24,747,1.437.274.489.229.640,46.021.956.281.224.300,27.598.584.090.806.600,4.201.516.025.809.970
3.247.562.490.293.670,0.0,24.015.092.944.089.200,1,300.821.816.625.139,4.455.241.168.211.770,9.906.955.681.149.770,39.881.931.400.944.700,8,185,17.723.673.193.517.200,33.223.660.874.464.500,1.826.200.562.880.490,50.0
5.181.715.643.866.730,0.0,4.934.089.230.179.670,0,3.679.545.498.439.730,7.092.685.177.034.430,24.479.713.272.699.900,5.243.511.909.933.110,6,586,18.592.666.988.253.100,2.584.025.903.298.630,31.177.422.452.220.100,4.392.002.719.687.710
650.081.972.155.682,12.5,6.520.903.082.766.590,1,3.987.931.591.151.380,65.072.002.123.442.900,6.770.622.367.719.690,4.313.458.838.504.190,6,652,15.184.394.550.865.900,2.450.866.860.466.470,1.296.852.518.668.250,48.702.593.789.328.500
4.407.630.839.628.920,0.0,15.783.890.795.256.400,0,7.139.626.745.886.530,6.184.895.808.369.310,9.397.922.117.991.030,6.128.244.440.033.300,3,536,12.242.305.165.115.600,9.843.121.564.261.910,19.886.601.725.587.000,4.501.745.188.044.560
12.778.827.542.825.800,25.0,39.518.450.135.246.700,0,7.907.495.261.572.530,6.686.019.119.446.100,7.777.393.204.981.190,9.594.686.519.330.030,6,229,193.590.781.336.997,24.601.443.362.063.600,39.615.916.527.361.800,4.790.093.842.117.670
7.888.258.704.700.070,25.0,25.977.225.932.424,1,7.421.673.997.387.250,754.911.695.496.614,6.166.829.525.509.930,63.335.407.602.678.600,3,585,18.165.972.893.465.900,18.182.069.007.246.100,7.968.351.194.466.970,50.0
13.092.112.843.443.800,25.0,23.055.816.947.704.600,1,7.339.396.603.214.130,7.189.471.816.092.480,5.165.710.557.176.510,3.946.444.359.000.790,2,347,14.189.987.856.013.600,3.981.075.226.662.460,6.763.526.158.672.710,50.0
37.951.728.145.020.600,100.0,15.350.666.049.323.000,0,8.965.923.688.344.710,687.355.440.096.137,9.302.380.750.902.920,19.614.338.214.693.300,3,394,15.146.476.751.657.700,3.452.273.090.949.750,65.457.488.084.789.700,50.0
20.925.845.430.670.900,12.5,2.021.461.447.924.460,1,8.775.586.435.925.940,557.929.205.701.715,4.068.386.997.655.410,10.413.316.958.425.500,7,300,21.571.135.892.696.700,21.039.315.276.262.200,399.262.616.015.483,33.872.469.504.476.500
11.369.027.138.222.800,62.5,68.426.987.351.501.200,0,46.130.831.707.754.100,5.670.246.437.921.080,903.243.619.886.862,5.591.054.674.539.790,4,620,1.830.203.545.009.280,3.233.822.269.194.700,7.236.617.787.150.210,50.0
17.160.912.915.594.500,12.5,23.371.580.234.581.800,1,38.706.044.972.901.400,4.529.516.723.042.600,4.424.318.704.274.190,5.861.147.999.120.790,3,497,17.954.777.563.913.800,6.580.200.034.333.530,8.419.330.236.445.680,4.749.709.178.771.650
10.596.644.196.916.900,0.0,19.902.419.943.526.700,0,39.197.894.276.141.200,6.643.459.431.719.440,7.614.141.232.836.510,940.093.727.255.829,24,242,18.396.907.374.635.400,4.056.019.965.064.060,28.096.676.830.889.400,50.0
7.330.788.459.233.600,25.0,2.397.779.931.444.240,0,8.373.640.024.267.690,6.976.039.038.222.810,9.173.996.212.821.270,10.346.991.454.512.900,3,394,21.544.445.347.937.500,2.522.603.198.701.450,3.062.036.836.739.070,423.548.224.287.024
6.216.463.123.565.580,25.0,10.478.926.648.857.900,0,3.614.081.087.734.700,7.033.124.632.334.050,5.596.300.504.556.550,6.622.593.987.721.370,8,626,15.398.590.734.929.900,29.071.433.117.555.700,21.555.390.913.180.300,50.0
1.027.056.423.381.330,100.0,216.636.421.783.934,1,5.040.865.013.288.520,6.672.801.329.893.740,3.236.822.513.675.720,79.560.461.718.944.500,6,712,14.809.159.761.051.500,21.222.575.727.787.100,3.932.409.564.753.710,449.659.929.955.745
10.964.099.288.926.700,0.0,22.922.256.865.940.600,1,6.182.079.170.526.430,609.215.319.924.088,6.996.698.526.550.080,36.307.237.059.288.100,7,713,15.767.424.802.692.200,8.038.534.047.912.810,25.174.463.325.285.000,4.813.033.674.032.550
5.501.196.023.207.940,0.0,1.869.865.253.957.980,1,6.680.703.022.099.120,58.050.057.766.629,8.130.747.642.346.790,1.128.574.740.122.620,1,230,20.009.490.940.772.200,2.149.071.907.689.890,25.212.013.892.902.500,49.508.897.171.003.200
7.186.695.923.815.640,62.5,1.732.035.569.369.050,0,6.574.395.826.889.240,5.622.244.642.736.460,6.295.697.222.795.480,7.247.133.948.679.160,1,664,13.209.588.743.899.700,25.126.639.835.529.900,24.652.303.456.663.000,4.473.798.758.121.940
283.931.988.807.469,0.0,1.722.619.524.204.780,1,771.844.633.283.955,6.085.602.605.584.360,27.778.473.486.898.500,8.915.653.795.447.120,8,489,14.068.246.979.526.800,1.696.211.345.134.790,13.528.546.704.169.900,4.926.333.810.964.600
9.123.698.700.286.980,12.5,7.486.971.296.445.710,1,6.430.159.581.256.600,55.155.216.222.724.800,8.798.634.200.983.570,22.563.435.978.782.700,6,593,14.282.455.124.781.900,1.928.319.117.833.200,3.607.817.833.303.600,31.916.282.002.161.100
9.835.681.160.725.560,12.5,2.337.170.930.241.730,0,8.106.279.235.988.560,74.291.678.455.060.100,9.218.967.085.002.850,8.006.130.475.934.880,2,381,18.363.773.911.870.100,368.723.892.855.337,2.256.238.653.809.830,50.0
2.391.112.550.354.390,0.0,23.108.028.126.399.600,1,35.077.813.444.331.000,528.833.991.285.408,8.894.227.579.226.180,5.058.447.606.438.860,5,540,18.415.830.246.292.300,12.627.059.855.835.200,10.607.270.458.170.300,4.501.227.599.394.380
11.069.702.377.637.700,0.0,18.617.475.829.668.600,0,8.153.792.721.360.860,6.062.062.706.177.540,6.094.875.403.890.590,595.069.272.696.339,6,304,15.718.863.833.906.400,6.746.738.937.401.370,444.598.213.182.895,50.0
8.272.063.849.492.840,62.5,1.198.879.007.325.890,0,6.540.018.964.662.020,4.844.647.110.598.380,9.770.499.750.259.070,850.378.235.576.643,3,462,14.761.922.725.512.600,300.330.348.758.977,5.177.636.847.988.860,50.0
16.823.919.709.680.000,0.0,1.654.335.404.372.520,0,4.337.595.395.102.100,6.407.588.402.908.640,8.773.095.185.777.320,9.759.602.975.292.890,6,285,1.954.651.931.319.510,4.864.324.241.745.930,3.599.584.060.453.070,4.103.781.792.618.200
14.275.987.363.670.500,25.0,1.193.628.078.357.370,0,8.866.459.132.187.200,6.198.331.403.170.000,12.217.519.684.674.600,4.843.017.621.685.340,6,387,12.317.265.669.498.200,3.003.463.995.284.630,10.762.041.731.198.200,50.0
10.020.882.062.733.300,25.0,3.884.291.156.634.760,1,8.638.405.642.372.970,5.950.246.752.452.320,9.814.838.564.401.570,1.060.560.537.458.090,7,394,19.387.377.107.480.900,17.796.875.298.645.800,3.637.320.676.285.790,3.751.109.568.084.880
1.066.609.697.533.090,12.5,1.509.623.499.547.990,0,8.074.354.930.042.260,5.547.051.713.778.960,5.578.302.452.164.530,34.088.933.461.086.400,8,669,14.102.739.943.708.500,7.949.001.709.462.600,5.684.598.443.160.670,43.707.252.853.168.900
6.658.780.320.041.020,0.0,20.053.434.790.515,1,8.469.576.813.680.820,6.201.723.284.911.330,9.216.351.854.868.120,7.191.880.565.888.790,6,526,21.027.770.569.478.300,37.321.107.772.882.600,3.937.347.502.338.820,31.491.943.844.558.400
30.856.724.590.103.700,0.0,23.737.411.126.703.600,1,529.285.032.627.184,58.188.773.769.900.300,7.651.346.061.360.280,2.663.920.283.682.130,24,538,1.613.693.245.722.530,3.150.153.273.754.890,33.500.613.763.630.000,4.131.148.893.735.790
12.850.984.455.271.700,62.5,4.796.370.942.265.590,1,4.366.829.234.697.530,6.104.192.477.443.330,6.546.153.418.483.100,4.181.747.496.338.250,6,320,18.422.969.033.424.400,45.745.876.539.939.200,5.532.920.922.283.560,50.0
20.327.672.948.715.100,0.0,72.504.330.795.058.700,0,40.974.231.699.553.900,7.570.201.001.342.590,3.401.389.340.232.360,10.849.526.163.369.800,6,410,1.320.969.309.767.840,1.075.829.419.573.390,4.356.203.609.837.280,50.0
32.146.455.750.554.200,0.0,18.254.570.328.331.600,0,8.242.559.811.065.500,6.320.524.051.124.790,4.648.942.311.264.740,1.127.124.536.824.500,7,433,1.453.884.408.450.450,3.397.765.930.105.180,3.233.405.011.443.910,41.642.226.775.934.000
7.111.167.582.592.010,62.5,24.731.655.588.581.500,0,7.959.788.093.406.520,6.573.007.045.581.820,29.120.152.739.324.100,11.071.723.075.099.900,7,620,19.006.085.943.555.600,27.697.266.711.896.800,404.458.395.629.746,50.0
6.555.703.169.919.540,0.0,1.963.241.944.067.120,1,8.885.630.300.009.620,5.874.874.657.023.650,6.921.039.164.161.230,4.612.422.373.052.460,1,261,17.503.554.503.322.000,3.782.180.857.049.480,11.225.058.441.315.600,50.0
13.846.584.727.969.600,0.0,12.277.496.165.155.600,1,8.089.512.608.724.580,5.650.895.143.227.660,8.658.526.087.341.480,8.653.749.618.647.920,24,182,19.704.773.809.645.500,30.499.775.227.856.000,3.224.874.256.140.400,40.564.067.355.168.700
16.431.937.795.286.800,100.0,14.601.351.204.909.900,1,6.794.195.483.558.940,6.183.929.600.585.940,22.299.665.173.169.900,20.089.012.387.758.400,24,453,1.763.402.339.760.750,31.016.448.916.749.200,3.639.562.048.158.460,50.0
31.076.990.770.375.300,0.0,1.427.327.307.766.070,0,38.536.905.052.293,7.952.748.203.396.550,2.238.142.983.110.850,8.053.986.085.703.050,5,637,17.693.311.807.322.400,3.056.456.633.742.570,30.938.430.272.088.700,4.618.511.171.861.110
17.177.644.765.079.100,0.0,6.731.838.452.007.180,1,3.989.085.230.125.380,5.998.800.613.574.220,6.796.063.610.940.450,11.004.074.077.417.000,7,590,20.582.589.817.294.300,1.346.647.742.768.730,35.705.820.009.361.900,3.704.803.290.745.120
11.783.065.260.171.900,0.0,504.207.201.018.878,0,5.842.197.160.778.250,6.453.006.462.355.370,29.796.240.223.399.800,7.107.221.179.399.810,8,636,1.624.689.917.305.840,3.002.675.072.701.300,22.835.644.208.459.600,4.207.005.857.868.370
11.438.707.352.972.600,25.0,7.775.905.057.242.230,0,7.606.773.186.866.190,5.620.121.039.436.620,15.886.879.697.254.300,4.983.336.481.118.230,24,386,2.095.044.719.657.500,28.440.398.970.105.100,31.404.835.319.930.800,34.481.605.839.184.600
10.421.957.452.803.200,62.5,6.555.261.970.005.670,1,4.039.652.341.066.510,4.271.309.573.118.770,10.029.737.625.905.200,9.729.353.821.058.130,7,287,15.722.152.480.449.900,8.471.292.560.973.340,14.423.266.811.087.500,50.0
1.284.689.247.168.100,25.0,14.159.438.201.676.800,0,8.493.105.047.573.110,5.647.118.067.647.840,6.451.214.168.880.640,8.839.979.668.087.520,1,545,15.285.942.067.700.400,8.077.717.314.024.180,31.623.348.690.844.500,370.942.400.815.115
14.809.028.197.448.000,100.0,8.050.968.743.076.490,1,7.102.744.382.921.130,7.866.496.669.147.630,60.296.262.068.777.700,22.946.181.701.413.000,7,172,19.794.212.767.397.700,3.114.294.706.214.240,27.509.895.389.555,50.0
21.372.589.697.690.100,0.0,18.359.147.394.584.000,0,48.738.545.426.785.100,6.616.773.206.307.330,8.614.413.007.066.750,8.322.716.905.643.000,2,687,12.115.463.994.963.200,5.045.900.504.588.860,23.418.372.482.703.300,4.497.461.725.375.030
10.653.748.603.594.200,12.5,14.414.523.454.997.300,0,8.314.557.552.963.300,7.348.646.940.737.410,3.285.409.139.003.590,8.311.214.306.933.670,7,578,13.721.921.198.388.000,13.055.156.238.384.000,3.969.975.150.660.770,3.681.729.467.572.970
25.810.151.234.766.800,0.0,1.354.046.225.264.410,0,6.591.782.209.085.640,59.565.944.355.476.100,1.539.842.459.688.410,9.271.132.840.956.670,7,452,1.271.765.739.787.780,735.558.027.585.292,19.321.401.470.118.800,4.233.831.255.957.120
10.710.786.397.367.000,62.5,2.380.669.729.368.650,0,739.895.089.215.076,4.550.218.227.370.330,8.031.719.869.163.800,4.479.375.516.542.820,7,269,17.121.050.930.091.500,4.458.181.416.425.830,2.515.064.226.525.150,3.997.353.850.822.560
5.851.267.685.320.990,62.5,839.903.361.681.787,1,5.312.653.237.533.340,5.423.903.697.576.280,9.884.222.063.552.860,5.414.057.798.048.750,4,300,1.828.071.001.328.590,3.346.502.981.292.040,2.088.632.178.769.000,50.0
1.001.300.966.215.840,0.0,16.064.111.649.378.200,0,5.361.303.235.879.960,6.477.917.332.730.910,3.731.817.498.058.540,1.156.041.862.189.390,6,747,1.210.375.945.862.500,2.453.669.794.073.400,11.159.942.243.462.300,50.0
40.991.591.459.642.400,62.5,5.012.403.621.720.010,1,3.075.705.422.888.820,63.663.297.026.555.100,8.680.426.219.551.310,7.308.026.128.555.720,7,158,13.614.635.485.403.300,21.441.997.932.916.900,13.884.253.757.702.200,50.0
4.287.611.607.538.260,12.5,18.554.629.358.293.000,0,6.227.412.136.530.050,619.270.334.239.524,767.294.561.345.645,659.355.474.807.959,5,155,15.025.413.585.957.000,2.770.682.046.836.960,391.726.449.502.817,4.141.454.510.468.440
7.589.993.632.075.580,0.0,12.812.326.260.910.600,0,7.564.780.835.003.200,5.828.825.691.294.570,9.133.535.888.635.730,11.855.346.614.223.000,4,358,14.942.263.352.286.000,23.036.087.461.755.300,1.629.230.786.257.350,43.027.068.067.019.400
6.768.621.585.685.080,12.5,5.605.431.453.469.260,0,8.812.947.081.519.620,6.857.800.980.762.270,43.588.502.704.931.000,3.525.133.950.856.610,4,287,1.297.132.716.894.520,25.337.070.825.924.500,27.496.844.430.033.000,4.223.898.478.240.680
20.971.895.466.474.800,100.0,5.370.086.325.011.210,1,8.353.361.020.249.420,5.849.057.328.199.320,11.927.547.472.734.700,53.773.060.106.470.100,24,556,13.728.474.560.505.300,13.362.620.609.645.300,23.116.793.283.079.800,4.709.319.140.699.100
7.515.948.286.086.270,0.0,17.820.127.118.091.900,0,35.219.465.481.165.200,641.547.180.911.389,13.598.908.223.763.000,9.358.719.177.553.670,6,175,20.470.517.609.723.700,33.341.808.950.963.800,3.570.240.560.057.100,4.925.631.177.420.070
35.936.064.877.429.300,0.0,1.673.616.723.698.900,0,8.883.120.722.140.850,6.336.729.715.522.820,7.679.344.520.488.810,884.410.639.414.649,7,621,19.005.811.416.140.000,31.906.384.888.716.200,3.054.991.304.445.710,33.716.667.818.886.400
8.672.490.460.808.260,100.0,1.680.247.435.374.930,1,3.896.884.134.005.100,59.420.482.896.464.500,8.660.652.027.084.000,11.633.707.073.834.700,6,619,14.960.943.826.633.400,3.175.620.148.866.580,4.145.404.833.994.430,50.0
1.063.295.845.580.280,0.0,11.217.643.166.451.200,0,3.246.685.790.352.490,5.583.092.764.272.300,46.787.640.611.831,8.197.303.748.833.920,8,287,1.463.407.464.316.080,15.946.539.366.482.300,14.862.232.986.111.000,4.863.412.143.217.670
9.384.450.255.164.910,0.0,16.162.784.481.363.700,1,7.493.579.012.809.350,5.900.868.939.293.920,7.837.947.145.240.300,4.444.044.705.735.540,6,497,12.801.992.021.533.500,3.290.192.759.001.640,28.764.628.167.554.500,4.135.536.049.204.780
3.433.386.399.274.070,25.0,14.497.702.357.598.400,0,8.435.318.701.974.900,7.511.535.247.888.420,8.537.191.955.259.380,5.374.171.637.601.420,2,553,15.489.059.373.979.800,25.199.280.160.441.000,7.292.915.512.456.320,50.0
22.520.062.658.907.200,12.5,6.352.928.592.976.080,1,8.698.697.436.151.130,6.978.713.504.286.320,60.662.834.306.117.500,19.868.421.641.846.800,4,659,15.980.695.146.276.600,1.514.734.261.206.090,2.063.412.808.083.100,4.339.059.092.246.740
15.154.635.310.675.200,0.0,13.209.817.015.976.500,0,7.949.856.646.597.270,6.914.272.111.897.380,9.202.518.632.106.700,11.160.922.841.542.800,1,589,2.104.181.656.387.440,3.226.798.218.216.730,13.392.992.884.825.800,4.717.437.845.588.090
9.277.276.580.571.290,0.0,13.107.523.468.162.900,1,4.229.437.294.268.280,564.947.540.525.763,4.115.918.434.317.980,24.153.482.502.081.100,8,727,194.311.571.401.521,2.672.756.507.149.500,3.525.414.961.946.610,50.0
33.296.133.703.338.900,62.5,20.678.760.761.717.600,0,3.924.017.486.966.460,5.193.617.508.923.170,6.576.074.188.951.720,7.002.740.964.840.920,7,219,16.791.537.743.490.000,10.056.065.377.535.200,3.988.869.742.570.630,4.752.870.216.630.310
17.499.527.706.779.300,0.0,1.112.048.105.543.300,0,3.353.810.865.428.710,6.967.545.951.031.030,5.511.676.135.776.360,5.415.346.370.792.140,8,516,133.485.726.879.008,11.983.385.780.186.600,3.724.521.938.085.670,4.642.219.935.710.420
11.820.527.473.853.500,25.0,11.184.093.176.273.700,1,6.491.814.479.364.730,6.833.337.082.314.960,8.919.626.875.630.200,2.476.459.743.360.110,8,613,18.561.616.490.083.200,37.101.131.657.885.700,3.015.352.001.802.470,39.227.183.262.092.900
10.632.568.690.223.800,62.5,24.617.909.546.233,0,5.923.327.056.978.240,6.296.074.283.677.780,8.357.398.594.093.900,4.222.914.789.872.770,8,289,2.136.012.312.771.040,399.975.221.547.604,8.840.007.574.880.490,50.0
7.074.069.255.958.380,0.0,22.414.364.885.043.800,0,36.557.016.506.182.200,5.940.622.078.691.570,21.536.158.896.601.500,7.969.259.174.945.370,24,281,12.780.448.520.073.500,5.746.953.898.007.210,39.552.521.549.989.300,3.850.455.859.271.350
2.120.562.713.725.500,62.5,6.436.006.756.071.670,1,5.788.962.712.029.370,5.175.238.742.035.470,683.992.236.588.524,13.437.664.022.195.200,7,205,20.486.077.678.614.200,3.771.072.959.850.880,25.600.899.035.674.800,50.0
7.060.018.918.767.450,25.0,22.802.180.819.382.300,1,6.403.941.543.206.920,6.807.180.311.064.950,8.505.531.220.933.470,1.162.588.486.686.420,4,741,13.801.145.552.191.500,2.826.160.046.741.000,3.867.694.207.682.440,4.094.110.904.149.910
27.342.116.511.810.700,62.5,38.801.830.804.778.000,0,733.772.786.106.299,7.030.294.580.476.130,9.316.443.941.762.880,11.000.051.797.670.500,3,669,19.012.809.343.140.600,19.944.326.734.660.900,26.605.773.843.829.000,50.0
417.984.181.697.088,0.0,2.140.808.093.913.000,1,5.485.185.420.200.520,5.724.635.300.056.160,5.981.285.977.147.170,19.306.159.095.915.300,7,222,1.383.856.037.243.410,3.818.746.557.395.610,7.765.357.976.071.660,50.0
8.717.588.314.668.560,0.0,4.991.422.729.885.420,0,4.910.114.682.470.630,5.666.180.279.482.260,1.923.930.104.573.060,1.055.188.903.189.270,8,297,1.800.013.554.887.300,28.547.727.292.852.000,27.412.628.523.251.600,41.529.904.789.883.100
1.452.755.124.945.430,25.0,1.092.728.204.800.990,0,699.407.518.892.478,7.068.743.347.506.160,5.670.674.424.027.560,4.614.283.404.030.710,7,424,14.376.245.842.292.200,2.374.618.088.476.300,3.638.000.873.468.120,45.605.523.242.180.300
12.411.380.956.502.100,62.5,2.460.607.996.607.430,1,7.105.341.858.273.270,5.750.694.875.974.560,6.725.026.314.251.830,1.742.548.933.783.510,5,686,1.741.698.062.153.270,8.381.070.560.790.040,78.555.062.989.196,50.0
8.203.907.604.256.730,100.0,28.776.989.455.296.400,0,4.622.571.340.018.910,7.445.342.145.499.460,2.870.392.802.896.660,4.367.241.177.210.850,8,645,1.800.157.869.145.670,9.777.758.074.831.590,13.366.831.345.379.800,50.0
17.482.864.054.720.900,0.0,2.107.480.158.921.610,0,311.893.849.342.276,6.123.663.769.494.000,973.541.452.483.176,9.897.762.436.390.130,6,676,18.185.203.251.071.400,3.646.006.944.264.980,2.393.891.592.883.500,423.468.465.556.343
9.754.729.543.507.040,12.5,1.262.098.176.342.760,1,8.674.143.418.455.110,5.929.406.805.193.340,24.473.972.628.191.200,8.324.145.973.847.140,5,646,18.827.988.778.067.400,860.155.124.778.343,39.986.779.786.093.000,31.167.226.435.465.500
6.402.035.599.457.370,0.0,3.219.288.461.490.200,0,7.531.718.438.755.030,6.231.575.600.849.370,9.131.254.712.964.170,36.241.556.073.742.700,8,526,12.690.295.753.849.400,12.922.405.717.863.100,3.218.693.838.454.010,3.762.791.897.847.970
5.222.470.685.593.490,25.0,23.836.038.788.072.500,1,42.066.260.067.801.200,5.929.357.785.945.180,43.667.714.237.414.900,891.094.124.227.266,7,324,19.033.874.038.379.300,10.649.083.915.381.800,3.701.894.838.033.270,4.694.189.753.772.700
15.132.586.258.902.000,62.5,13.956.168.519.411.000,1,6.393.993.905.963.190,69.883.486.704.433.700,20.543.081.536.245.800,878.603.225.961.593,5,512,13.545.977.242.354.100,19.222.228.784.489.200,2.732.548.884.931.190,50.0
1.372.659.946.669.730,25.0,22.075.705.037.146.200,0,6.569.685.184.056.410,6.820.067.097.702.770,552.423.291.882.979,9.171.474.998.576.380,5,446,18.770.324.531.369.200,15.278.590.429.286.300,3.521.747.955.599.940,4.353.148.702.970.780
843.644.974.606.324,0.0,21.793.120.078.675.300,1,37.559.317.919.740.700,6.961.674.404.925.580,63.572.014.859.899.900,6.947.223.344.301.130,7,720,13.240.376.142.374.000,37.432.119.944.402.200,2.077.475.626.036.520,47.864.820.358.107.300
4.049.127.314.365.010,100.0,8.585.472.820.470.970,1,41.499.425.240.373.400,6.329.163.818.485.840,8.719.760.861.441.310,10.008.402.173.327.700,6,419,16.794.147.105.517.500,1.674.296.177.762.000,5.842.186.762.745.490,50.0
1.247.984.347.689.290,0.0,6.988.597.237.362.970,1,8.740.239.098.782.720,5.880.551.851.184.140,54.975.197.370.085.800,8.054.984.397.526.040,3,603,1.586.768.425.981.800,3.556.210.750.659.260,28.672.739.350.028.300,3.355.076.324.521.770
15.243.707.960.115.500,0.0,8.754.578.700.522.230,0,6.048.065.160.125.380,6.193.655.194.800.580,11.224.679.450.967.600,2.379.391.307.188.310,7,254,21.673.463.566.432.600,2.378.651.735.957.080,24.457.521.973.595.900,44.775.054.140.280.800
9.652.490.399.917.970,12.5,13.604.169.115.766.800,0,41.486.533.163.608.500,5.902.012.245.900.800,9.282.772.881.201.520,9.912.815.865.308.680,7,559,18.308.091.657.444.500,209.649.868.964.741,1.992.865.250.047.940,4.680.937.577.531.520
5.920.295.791.008.650,12.5,22.607.172.411.064.700,0,7.785.448.524.564.050,7.226.617.559.228.070,57.404.769.510.696.300,4.561.449.155.489.130,1,422,12.882.059.132.513.100,6.407.825.306.175.720,1.172.464.570.519.310,50.0
20.995.071.135.044.000,25.0,10.029.689.009.077.400,1,5.823.439.815.200.830,69.015.916.066.590.200,28.610.056.813.273.500,875.538.190.017.023,6,411,19.008.864.614.379.600,10.841.276.551.208.900,31.583.917.475.501.900,50.0
2.195.896.578.307.440,12.5,2.045.863.402.876.580,1,6.830.472.499.636.160,6.135.933.853.199.950,9.008.814.441.587.230,8.426.448.767.009.860,7,602,13.941.383.992.789.800,34.686.671.072.761.100,32.995.993.175.243.000,3.774.840.307.214.290
1.104.013.972.223.320,0.0,47.431.823.176.780.300,1,4.785.009.201.831.470,555.146.753.026.011,13.849.520.291.969.300,469.503.773.140.381,5,440,14.861.503.627.133.500,3.119.828.845.931.090,15.203.239.469.968.800,50.0
24.201.077.928.490.500,0.0,17.681.273.627.121.300,1,3.347.424.589.537.680,7.278.587.781.742.670,1.155.331.822.330.940,27.785.202.433.755.000,5,185,15.784.430.404.446.400,1.789.693.457.796.320,3.718.289.582.418.780,50.0
41.722.839.166.332.100,12.5,11.778.070.529.988.200,0,39.896.653.413.842.600,6.295.678.894.881.010,54.430.891.192.457.000,8.644.538.967.343.930,5,383,19.762.254.403.083.900,363.608.861.707.316,15.419.926.080.375.700,50.0
7.813.812.492.082.980,25.0,22.322.754.129.638.700,1,8.838.221.418.875.910,6.108.882.777.862.280,6.323.865.432.500.850,1.033.925.688.387.350,6,727,214.408.093.878.639,32.767.148.123.474.100,5.194.937.297.698.510,47.405.212.177.318.100
721.959.463.979.146,12.5,48.456.646.079.093.900,1,6.741.530.614.969.290,728.475.690.380.327,52.073.998.404.364.300,10.220.544.486.279.800,8,717,21.243.351.768.479.800,4.483.373.325.160.180,7.494.606.332.912.580,50.0
31.140.199.755.962.000,0.0,3.955.252.927.479.430,1,7.986.511.191.446.430,5.843.035.830.635.350,9.304.122.061.701.830,7.891.553.260.530.020,6,518,13.706.836.317.940.100,24.237.219.752.092.100,2.028.610.334.594.770,44.845.859.658.133.600
28.593.768.200.943.100,0.0,15.683.087.234.809.400,1,3.129.117.347.542.910,5.976.751.169.069.320,27.756.441.803.157.500,35.014.799.670.826.300,24,532,12.604.134.773.945.700,3.195.372.826.963.230,4.114.656.740.694.330,50.0
12.424.855.293.022.200,25.0,26.394.477.726.291.300,1,7.592.775.006.926.200,6.038.468.736.136.960,9.904.303.743.585.400,4.478.309.640.332.460,5,307,20.285.330.192.795.100,32.333.765.117.366.900,29.018.089.216.520.200,50.0
3.320.456.888.462.670,0.0,20.664.646.129.048.500,1,5.909.712.399.251.180,5.278.401.579.850.710,3.896.234.775.706.760,9.300.904.490.333.140,7,618,14.882.182.628.315.000,36.536.471.164.050.500,3.200.873.835.661.580,4.081.617.175.338.270
4.884.990.928.202.450,12.5,20.263.148.707.953.900,0,6.991.847.261.227.180,6.421.014.755.798.160,13.616.331.476.694.900,5.519.393.226.776.200,6,509,17.828.261.038.229.200,8.984.446.781.214.450,22.429.264.975.117.100,47.663.909.185.852.400
5.424.213.133.453.890,0.0,246.151.892.945.917,0,5.149.230.242.044.640,5.666.358.678.725.080,2.019.627.799.068.630,9.057.471.603.149.980,8,172,21.786.274.652.363.100,1.652.157.267.235.670,35.840.589.666.228.100,44.077.184.210.853.000
2.560.042.632.350.650,0.0,22.260.831.344.389.400,0,6.725.212.960.913.340,5.800.494.787.382.210,9.798.421.251.343.610,4.403.949.918.524.380,24,719,13.864.220.053.720.700,10.065.243.777.647.700,3.821.717.220.310.380,30.478.149.387.853.800
9.104.955.130.966.260,0.0,2.399.944.022.906.680,1,3.213.718.606.726.540,5.706.895.164.418.830,4.494.535.091.004.340,10.695.007.119.040.500,6,661,1.574.855.891.856.850,43.575.258.679.198.100,18.455.662.420.715.600,4.362.947.732.602.060
1.038.889.405.519.490,0.0,15.649.684.054.405.000,0,3.273.532.275.220.260,578.905.085.768.724,8.680.647.321.978.770,7.638.390.711.219.560,6,198,2.067.598.946.146.110,25.152.017.186.438.400,4.475.959.560.700.970,50.0
19.701.220.696.674.500,25.0,23.783.074.419.352.300,0,7.793.018.459.430.880,561.275.987.518.893,8.243.441.403.425.270,7.610.079.906.159.400,24,400,18.499.805.470.780.400,20.298.938.061.509.100,1.001.930.027.604.080,50.0
13.816.955.439.568.900,0.0,7.346.823.150.047.300,0,37.467.916.068.026.400,637.304.992.433.398,7.498.617.189.266.640,7.903.101.510.579.960,24,595,21.375.530.067.528.900,6.199.590.171.942.150,26.647.025.704.826.100,3.956.078.491.466.780
39.188.966.754.672.300,0.0,16.786.667.549.678.100,0,3.083.903.607.516.810,609.108.483.526,2.726.121.389.674.850,39.500.419.934.533.000,24,592,18.317.193.149.588.300,2.345.527.985.108.300,16.825.590.938.942.200,43.819.007.459.660.600
5.352.888.587.344.430,100.0,4.782.985.782.805.680,1,8.474.738.937.819.920,6.233.605.696.745.680,8.683.919.062.211.030,9.921.780.453.427.470,3,250,15.035.699.680.408.100,24.805.981.362.585.600,2.771.536.637.183.610,50.0
11.888.327.098.490.300,0.0,20.527.668.315.312.700,0,45.931.905.764.612.200,7.847.651.653.523.610,40.856.911.011.611.000,6.362.135.227.134.010,1,174,20.051.086.055.224.800,15.321.642.370.932.400,27.002.672.259.958.700,50.0
5.393.167.439.766.220,12.5,21.126.876.868.230.300,0,6.494.292.979.778.630,60.911.071.732.305.600,7.370.049.994.334.010,9.386.266.998.833.310,6,740,19.592.637.549.210.700,31.700.718.541.615.400,24.609.357.327.856.800,3.534.696.072.443.010
3.159.641.910.375.830,0.0,24.469.364.427.314.100,0,8.033.501.823.231.020,6.623.463.335.565.450,732.380.310.774.454,7.722.028.108.138.910,8,686,21.336.189.410.788.600,356.019.854.626.081,7.155.470.109.060.370,4.701.504.234.200.270
8.705.534.932.272.710,0.0,24.817.069.823.185.400,0,7.475.442.476.552.570,6.703.124.719.535.180,1.939.706.066.741.650,5.576.778.962.825.520,2,593,16.761.669.322.130.300,9.809.385.311.982.290,12.150.696.546.227.700,47.523.639.987.885.200
17.641.493.618.488.100,0.0,23.585.138.405.126.800,0,32.797.669.248.656,6.156.000.362.945.000,5.250.869.506.326.390,8.475.895.313.046.730,5,545,17.028.392.871.343.000,34.380.351.959.568.500,15.736.603.435.286.600,451.670.806.477.581
16.178.889.026.587.000,62.5,16.620.108.231.312.800,0,636.569.220.515.306,6.391.659.392.081.520,9.276.573.397.671.520,7.324.750.916.132.610,7,561,15.238.231.003.616.700,35.670.311.205.103.800,3.315.230.160.733.190,3.624.178.353.043.380
4.973.123.397.865.480,0.0,7.189.631.340.231.160,1,6.250.787.202.572.630,6.214.488.733.183.690,27.778.765.748.024.200,6.617.822.467.376.760,4,424,14.687.583.345.065.300,2.427.529.218.415.750,27.606.690.633.775.100,41.309.579.826.265.800
366.806.594.068.859,25.0,3.576.655.747.963.050,0,5.100.481.069.262.770,6.341.790.876.998.030,7.207.272.910.415.040,8.134.165.785.112.370,8,560,21.965.278.191.412.900,392.871.159.049.912,26.152.436.374.107.200,4.550.487.270.240.320
4.375.039.226.277.290,100.0,4.145.487.758.519.900,1,752.137.788.821.011,5.789.438.247.456.300,9.588.900.185.079.930,19.453.287.400.362.200,4,332,2.177.255.516.243.890,9.847.032.895.712.270,2.721.335.644.372.790,50.0
16.299.680.622.842.100,0.0,2.344.271.235.374.590,0,8.784.033.947.853.110,5.854.052.083.294.120,3.734.185.521.168.040,11.012.871.982.909.700,8,200,1.729.646.463.001.170,27.589.692.840.917.400,20.624.881.176.604.400,47.167.884.413.214.200
4.311.753.217.472.010,25.0,17.249.406.339.460.900,0,3.883.119.923.615.480,6.211.845.577.298.150,3.998.809.992.378.190,4.685.902.506.905.960,5,336,21.550.855.823.638.300,3.373.772.607.534.220,2.545.636.903.254.470,50.0
2.340.311.570.488.730,0.0,17.362.932.987.415.000,0,3.871.344.022.466.170,4.819.667.449.304.300,4.635.112.590.244.020,34.716.225.994.573.200,7,326,15.561.554.476.064.400,1.963.722.636.798.210,8.843.706.812.459.500,4.670.386.164.506.660
11.779.111.441.525.500,0.0,2.461.363.691.457.920,1,7.408.416.116.765.210,7.247.250.952.835.720,8.128.584.568.360.540,948.975.993.443.796,6,332,20.499.943.240.746.800,13.858.155.164.072.800,647.178.407.621.565,50.0
795.873.403.392.563,62.5,20.291.399.790.837.500,0,5.726.498.460.997.660,7.712.600.612.599.390,4.504.990.273.014.370,35.434.407.580.177.000,5,432,18.348.681.578.453.300,22.093.132.596.360.400,34.958.699.113.547.100,50.0
4.904.393.239.102.750,0.0,8.074.892.988.442.760,1,7.771.313.583.478.290,63.192.451.819.473,4.965.210.368.872.270,1.195.346.585.521.160,6,228,19.170.661.141.396.600,25.849.791.528.419.300,13.459.589.271.348.600,50.0
8.796.552.945.361.120,100.0,12.036.233.993.339.600,1,38.464.656.578.824.200,6.665.828.424.075.700,23.787.113.997.487.100,5.625.417.957.197.870,8,394,1.918.202.932.404.240,3.628.658.027.275.700,31.721.477.476.157.500,50.0
31.409.056.732.644.200,12.5,18.301.111.490.450.000,0,32.391.452.648.532.600,6.956.740.369.035.340,988.578.164.045.147,4.262.868.495.294.570,6,428,18.358.286.500.062.600,734.570.082.222.615,549.014.034.210.837,50.0
20.371.703.433.383.500,0.0,17.062.786.103.066.400,0,7.187.604.449.109.840,5.272.731.182.295.210,8.945.070.708.905.000,16.827.157.988.868.000,2,262,20.523.280.113.201.100,3.881.603.696.894.220,5.345.478.166.194.950,50.0
11.860.957.275.319.800,0.0,11.845.482.020.948.700,1,8.968.266.317.724.660,6.849.794.561.699.090,6.082.492.267.678.880,14.598.459.510.020.200,8,422,15.920.132.506.572.400,11.256.165.682.486.000,5.846.296.748.469.170,50.0
7.931.311.321.787.360,12.5,13.053.552.567.127.100,0,35.687.892.617.742.000,5.901.492.143.896.040,9.613.488.700.307.200,20.465.461.725.440.400,4,554,20.491.889.509.630.800,3.268.189.201.809.050,11.523.045.959.001.200,50.0
1.417.569.225.553.680,0.0,15.585.881.702.025.900,1,8.186.027.336.702.810,78.035.069.608.717.900,6.932.578.114.124.320,10.553.611.169.332.300,6,397,13.834.151.639.205.400,7.765.512.159.776.830,8.886.078.383.857.320,50.0
10.140.418.555.217,0.0,1.276.551.448.993.020,0,5.311.738.444.640.480,6.068.218.301.000.910,9.599.235.198.687.790,4.597.989.773.465.340,6,151,1.399.959.420.200.050,1.287.260.244.392.800,15.444.835.424.701.600,50.0
48.363.586.435.319.400,0.0,8.836.048.847.238.890,1,3.100.737.271.758.640,6.835.727.556.220.160,17.830.514.940.483.700,4.414.998.401.108.860,6,571,1.917.343.220.392.000,36.247.697.319.441.700,1.178.359.022.978.980,50.0
16.166.077.027.904.700,0.0,7.483.754.411.636.430,1,6.060.130.757.827.260,6.075.110.948.747.900,2.409.482.587.650.190,5.731.009.199.824.480,1,497,19.501.298.903.275.800,7.401.631.315.259.490,3.985.548.412.158.850,3.317.111.474.818.530
5.333.279.033.729.530,100.0,7.105.749.406.820.550,1,46.731.252.427.489.100,7.737.684.929.431.310,8.874.788.143.656.260,3.562.152.155.652.070,4,401,21.023.010.748.675.600,11.360.940.816.539.000,14.122.971.271.381.200,50.0
19.376.571.531.857.300,0.0,16.399.198.985.232.900,1,7.160.418.849.121.080,5.841.354.848.072.760,43.147.690.379.408.800,1.690.152.737.385.310,2,163,14.746.829.048.047.200,3.306.059.526.852.190,9.239.102.246.979.080,50.0
5.194.521.570.123.080,0.0,11.016.811.707.672.300,1,47.269.837.346.105.500,7.015.562.151.129.170,3.837.345.500.205.160,17.827.878.074.824.300,6,203,12.560.694.523.864.400,4.855.667.458.082.900,20.332.843.250.194.700,50.0
2.394.673.207.600.980,25.0,1.093.215.900.648.410,1,5.890.200.740.598.270,6.638.674.517.716.360,7.592.486.492.563.300,30.036.101.283.570.100,7,197,17.074.717.254.068.900,21.273.276.308.953.600,9.945.370.105.729.590,50.0
2.178.504.773.956.910,25.0,4.400.081.288.111.220,1,4.203.391.508.065.130,6.483.016.973.164.910,6.377.191.469.659.720,4.482.484.795.560.260,7,661,20.753.404.653.767.900,3.863.907.019.948.970,2.282.616.285.150.780,4.826.647.871.635.220
5.046.313.319.656.920,62.5,24.065.657.421.968.600,0,7.968.610.548.261.360,6.360.305.180.731.340,3.571.901.677.718.970,26.279.125.523.706.300,2,335,21.714.658.536.468.500,1.619.167.034.748.700,1.662.557.800.963.230,50.0
5.350.689.812.157.880,62.5,5.986.191.960.038.500,0,8.552.588.771.208.640,57.330.912.376.121.900,40.990.337.580.167.200,5.016.296.059.758.720,3,405,20.578.262.952.047.300,2.631.485.079.112.460,3.597.681.141.289.850,4.255.000.023.833.410
25.006.668.478.075.800,0.0,10.449.675.561.719.200,1,5.420.014.525.298.780,4.389.760.582.696.140,4.202.160.831.341.510,11.144.421.686.984.100,7,567,1.689.956.449.672.600,5.084.636.456.054.050,3.718.885.122.631.670,30.076.041.296.587.700
7.433.036.845.941.380,0.0,5.160.016.722.403.600,0,5.693.280.195.407.890,6.952.074.475.923.130,14.380.470.150.766.300,3.877.633.104.825.780,6,543,2.063.382.236.071.030,8.807.095.914.674.530,28.809.389.063.039.200,4.316.244.306.879.130
2.821.561.726.733.070,25.0,17.726.999.883.534.100,0,8.896.102.039.269.190,5.857.812.622.759.000,2.449.628.508.807.740,28.523.924.871.391.100,8,188,1.413.970.923.869.030,18.399.230.326.396.900,9.412.075.661.869.210,50.0
20.927.187.793.904.400,0.0,11.185.154.288.290.900,1,38.526.928.603.479.800,7.018.720.100.577.420,5.467.796.759.704.530,831.253.878.302.455,4,707,21.211.696.512.348.500,27.006.128.697.151.100,19.482.043.367.064.400,50.0
6.034.505.023.591.810,25.0,10.634.423.505.943.400,0,7.851.717.087.540.230,64.461.884.375.409.600,7.861.906.092.329.290,6.399.691.417.567.680,3,309,17.668.459.610.180.400,11.729.916.445.063.600,12.911.503.514.589.100,50.0
3.732.054.845.081.020,0.0,21.939.824.692.032.100,0,6.403.671.635.101.440,70.401.797.467.140.800,4.306.673.187.406.360,15.197.941.739.018.200,5,610,15.893.635.858.021.000,35.385.350.041.601.600,3.213.282.129.528.500,404.134.574.243.343
8.467.640.481.708.640,62.5,19.107.256.319.939.600,1,8.284.406.525.425.120,6.761.324.764.076.630,39.568.574.359.424,9.665.880.642.830.270,7,649,17.816.411.821.643.200,31.245.760.144.930.100,21.377.902.569.944.200,50.0
33.635.328.913.831.100,25.0,13.236.938.795.784.900,0,47.545.712.689.614.700,447.471.337.366.456,6.575.058.304.599.060,8.868.772.690.391.530,6,473,1.984.008.209.867.190,22.062.315.634.341.500,26.837.176.079.448.300,3.798.214.183.481.580
8.764.074.230.143.190,12.5,11.980.464.899.007.800,1,477.694.779.732.206,6.630.426.931.373.590,17.410.878.660.260.800,11.750.281.979.143.700,2,247,14.401.215.127.647.600,18.368.447.337.585.900,13.605.846.219.620.900,50.0
6.725.887.033.795.030,0.0,24.017.584.246.027.800,0,4.954.919.688.332.440,5.959.427.160.069.860,39.313.531.792.876.100,11.321.372.815.185.200,2,477,13.018.798.027.687.300,2.478.170.170.970.030,19.759.178.715.486.800,444.489.644.607.918
8.314.431.824.685.250,100.0,23.933.323.034.935.300,0,30.997.864.939.377.300,70.155.078.310.877.200,22.397.351.147.305.300,7.426.731.229.877.680,7,296,19.331.201.036.621.800,2.926.652.665.788.180,13.596.803.880.273.500,50.0
14.683.197.998.514.800,25.0,17.766.886.263.792.200,1,40.193.573.944.683.400,661.384.524.659.576,6.586.133.096.413.560,8.546.234.229.386.730,5,659,2.152.468.966.332.920,53.980.118.116.287.900,15.226.811.063.076.100,50.0
13.756.261.534.516.100,62.5,19.123.624.198.917.600,0,8.967.519.846.718.950,66.220.783.265.759.200,13.011.673.461.775.500,5.504.575.063.855.090,7,602,18.369.780.919.742.300,3.410.565.450.243.540,27.300.142.912.921.000,4.313.842.381.203.700
9.916.965.682.011.160,62.5,22.527.776.249.768.400,1,44.936.914.427.035.900,6.009.430.043.004.220,458.866.363.210.394,10.773.139.051.819.500,5,644,13.425.834.540.902.200,19.576.111.346.309.800,24.224.279.003.760.200,49.210.324.160.516.800
16.630.234.064.465.300,0.0,24.125.564.518.833.000,1,31.195.025.865.638.300,5.561.175.665.524.540,6.042.584.159.505.600,70.808.970.771.928.200,5,647,18.433.853.694.570.500,37.413.759.592.382.000,10.519.480.582.098.600,45.635.000.810.992.200
8.675.239.182.705.200,0.0,2.515.731.773.635.170,0,46.712.418.842.309.700,5.896.979.128.720.630,8.370.019.340.206.750,45.810.645.896.855,4,257,13.166.320.961.808.800,3.822.169.584.456.460,2.701.867.497.757.460,50.0
7.178.277.223.926.160,0.0,24.934.801.395.529.200,1,5.450.341.007.907.520,49.400.754.169.283.300,7.300.602.508.975.820,1.104.406.411.005.400,24,168,15.035.247.530.199.100,1.228.672.840.723.400,3.438.485.058.426.970,3.776.860.968.356.380
8.531.396.783.942.940,25.0,17.724.044.266.750.200,0,6.286.723.675.694.300,5.786.759.385.817.340,9.440.058.585.935.850,7.450.947.414.746.990,1,525,12.315.977.011.989.600,15.379.239.030.755.800,20.199.960.583.317.600,4.605.838.081.576.430
5.221.497.586.199.240,12.5,15.022.248.927.694.800,1,34.113.961.191.925.500,51.750.886.303.223.900,6.862.808.391.078.860,677.977.279.566.384,3,518,16.875.016.240.879,21.048.936.529.850.600,2.513.047.874.571.810,4.334.987.709.277.740
14.902.840.884.671.500,0.0,10.622.594.570.508.900,0,7.742.573.518.228.590,5.193.581.437.369.530,36.220.584.220.217.600,9.930.648.956.494.130,8,669,15.213.541.855.079.000,21.583.819.525.094.800,2.005.147.162.609.430,3.307.879.887.687.690
5.012.652.097.246.890,100.0,8.741.552.395.307.910,1,7.953.007.609.182.340,6.281.535.193.058.340,24.708.940.486.413.300,30.570.508.893.730.000,3,532,1.297.521.889.845.390,3.289.573.467.388.030,2.513.866.807.038.930,50.0
10.864.360.569.061.800,0.0,20.203.150.108.837.400,0,42.789.634.732.302.000,6.573.834.257.652.770,7.545.075.558.566.340,9.969.413.946.320.750,5,631,15.090.273.022.826.500,564.415.949.715.074,25.451.926.400.144.300,4.254.947.576.592.520
2.023.899.813.515.580,25.0,16.533.658.885.392.000,1,7.790.509.129.409.870,6.177.744.563.877.340,29.203.586.437.576.700,11.681.197.128.111.900,4,359,1.847.570.119.416.160,24.899.307.587.796.900,15.865.809.334.217.500,50.0
10.667.054.657.647.500,0.0,5.417.276.636.126.600,1,5.168.561.444.647.530,5.850.846.651.863.110,15.411.171.506.976.600,7.460.447.154.697.050,7,224,14.890.815.555.004.700,37.703.879.513.810.500,21.797.105.547.384.700,4.906.407.045.521.590
4.334.122.519.274.260,0.0,15.442.820.409.783.100,0,5.538.661.067.295.800,5.536.814.286.432.750,3.818.402.821.868.480,5.365.376.413.693.690,6,172,134.307.211.739.293,3.986.764.775.217.140,2.058.221.078.725.850,50.0
13.986.022.035.439.900,0.0,39.585.694.921.759.000,0,8.618.329.525.884.100,5.977.964.905.344.700,7.085.265.764.675.530,4.646.725.734.766.300,8,411,17.447.974.650.257.700,4.034.216.391.897.420,4.736.883.135.273.200,4.814.785.091.621.470
7.988.630.321.320.690,25.0,1.267.343.324.940.010,0,8.351.426.345.760.100,5.624.443.871.140.570,6.981.933.437.288.820,5.766.255.638.833.920,8,151,1.953.227.270.586.480,3.890.269.131.593.760,3.008.939.257.885.590,464.091.530.120.149
14.825.132.368.011.400,25.0,14.794.712.126.948.800,1,5.250.664.279.142.930,6.156.018.480.515.080,3.318.031.007.766.630,3.459.506.348.189.790,6,460,2.030.141.356.206.450,4.888.401.111.211.840,10.198.515.412.207.100,50.0
12.136.783.138.818.000,0.0,16.074.259.733.228.700,1,5.928.661.834.335.610,5.134.927.758.144.760,51.838.132.320.376.600,30.176.821.840.997.200,4,390,1.672.097.113.113.140,21.478.021.508.774.400,31.264.885.624.054.000,50.0
49.799.453.242.357.300,12.5,4.058.923.648.224.160,0,4.719.142.728.197.950,669.092.230.474.401,23.243.613.840.576.300,9.856.175.724.015.940,8,304,191.107.242.092.372,9.854.792.371.337.580,3.232.319.998.925.290,50.0
3.623.225.157.969.150,12.5,28.421.639.519.438.700,0,6.092.605.550.091.970,5.803.078.214.547.010,5.129.171.841.633.370,3.505.341.302.537.120,24,504,2.033.327.748.444.100,2.425.564.149.576.130,3.474.013.830.117.870,3.749.135.461.755.170
3.803.346.172.924.600,0.0,6.838.350.066.396.260,0,7.091.447.417.009.650,6.463.379.830.197.630,5.198.802.387.055.110,9.106.691.939.460.020,8,557,18.728.892.305.717.200,14.810.636.680.159.000,10.387.095.496.286.000,50.0
5.703.513.898.865.800,12.5,1.537.223.088.778.800,0,35.560.061.836.537.800,6.821.055.396.941.830,31.527.090.214.003.300,8.824.965.988.868.950,2,173,17.272.714.050.833.000,9.533.307.226.911.750,27.814.275.161.063.900,50.0
1.992.782.926.146.170,0.0,23.326.228.942.287.600,1,8.519.046.757.054.130,64.295.096.173.517,27.427.844.031.577.700,13.674.045.727.770.200,7,435,12.599.393.671.409.000,12.023.025.327.958.800,11.930.762.884.373.700,50.0
10.520.538.517.974.200,62.5,19.588.526.507.058.600,1,731.324.380.886.808,6.759.388.752.718.650,9.799.829.747.020.480,10.691.796.622.062.900,8,713,14.900.343.745.958.200,3.662.428.728.318.730,29.124.848.376.909.800,4.378.594.518.544.140
33.439.504.414.488.100,25.0,18.769.907.866.724.400,0,3.580.516.098.969.430,4.753.352.516.002.150,5.463.810.408.767.780,9.682.906.431.027.180,24,328,15.198.151.574.457.200,2.334.518.187.393.840,19.127.997.294.185.100,4.197.482.719.215.390
15.913.154.398.212.600,0.0,859.069.244.166.404,0,8.213.933.951.873.050,585.500.033.540.728,5.708.350.989.457.690,9.756.739.743.657.220,4,618,1.595.011.250.934.070,28.328.388.894.388.900,31.906.841.152.263.600,3.545.368.489.125.940
17.784.485.123.873.700,25.0,32.368.308.044.913.800,0,7.462.097.197.456.990,6.972.153.666.752.350,27.638.208.560.700.600,9.901.101.574.409.290,8,352,2.150.892.703.304.310,2.704.060.733.268.280,16.328.324.933.971.100,4.963.537.731.343.790
3.655.422.038.553.610,0.0,22.352.515.449.946.100,0,4.878.760.900.996.490,6.556.460.676.821.350,19.820.396.600.274.100,7.408.085.519.825.700,7,312,14.088.753.423.528.400,15.691.533.463.967.300,14.691.953.373.310.400,4.886.837.611.385.630
44.455.261.352.727.500,62.5,12.770.910.872.907.400,0,6.128.598.529.787.260,7.493.924.285.886.020,3.694.895.225.836.220,11.927.189.535.765.300,24,664,17.415.549.110.072.900,560.842.742.483.425,3.379.061.013.036.130,439.901.740.077.185
9.810.101.739.238.900,12.5,2.962.515.732.004.170,1,8.160.783.955.137.990,7.393.066.335.976.910,9.666.611.276.683.930,2.970.673.545.252.000,7,363,21.912.181.066.942.200,42.808.305.306.480.300,2.507.221.218.691.470,50.0
16.241.243.935.067.500,0.0,1.360.673.388.787.080,1,8.808.753.738.541.670,6.409.714.494.115.440,19.173.689.960.131.600,17.956.952.403.584.200,24,669,18.187.945.607.806.500,18.352.339.376.148,829.943.448.818.026,4.803.933.825.936.960
10.660.704.245.962.200,25.0,1.704.755.094.529.870,1,46.864.643.756.857.900,6.023.614.966.780.630,3.172.239.171.003.300,8.745.842.196.173.640,5,542,14.089.107.236.781.800,3.765.179.115.471.600,1.707.302.588.661.580,4.698.164.845.137.260
571.125.316.890.391,0.0,8.337.550.725.257.290,0,6.903.349.093.963.940,5.529.092.900.853.100,9.903.538.539.092.790,4.233.309.611.352.540,3,637,2.160.190.931.778.100,9.950.312.297.341.640,24.257.188.294.266.100,30.631.334.932.090.000
2.409.562.620.861.370,62.5,7.265.988.262.490.770,0,8.161.481.543.956.560,5.866.934.004.125.320,4.914.864.694.891.780,769.056.546.323.058,5,638,15.362.926.690.538.100,2.793.274.878.473.810,11.993.880.115.645.700,50.0
2.483.098.697.651.390,62.5,15.729.370.572.620.100,1,8.929.001.093.057.670,59.142.271.640.574.400,332.039.619.960.822,530.871.774.232.727,8,698,1.247.870.709.598.630,3.306.383.372.405.420,23.430.760.092.027.600,4.252.316.115.726.140
10.849.806.231.815.400,25.0,14.823.402.015.223.800,0,3.424.310.931.877.870,57.847.255.653.328,6.416.717.420.770.830,4.668.765.743.511.030,3,482,16.313.617.674.596.800,362.714.113.673.104,15.761.209.045.718.200,44.543.868.892.514.200
28.402.864.678.349.100,12.5,11.103.435.626.344.000,1,6.021.731.794.924.970,5.557.163.576.581.260,506.376.238.826.115,10.825.734.870.543.500,7,721,14.406.556.961.750.400,11.739.456.480.308.000,2.557.007.970.429.850,3.481.585.677.507.000
120.010.812.658.429,12.5,20.706.993.089.107.700,1,8.241.994.571.036.890,6.481.103.611.265.430,9.583.001.098.086.280,2.562.478.044.731.250,24,185,20.188.637.730.953.400,3.725.132.698.243.010,3.637.197.974.397.990,4.494.358.491.940.600
25.950.904.467.770.600,0.0,24.971.766.992.390.700,1,3.018.948.745.797.160,7.387.647.774.699.560,10.153.114.703.220.400,307.884.219.833.014,24,445,14.199.558.342.472.500,24.319.290.421.527.100,181.940.084.534.374,50.0
40.981.783.730.419.000,0.0,9.572.421.392.612.100,0,5.623.411.317.632.650,6.853.279.737.761.180,7.947.369.621.073.080,8.346.249.381.570.880,7,387,20.198.540.222.378.100,20.336.271.364.710.900,2.262.856.708.868.320,4.847.730.879.448.210
4.370.960.358.404.810,62.5,9.931.096.992.548.280,1,6.505.192.344.717.790,5.974.305.959.210.770,2.935.046.508.937.250,9.608.611.140.416.420,8,208,12.361.710.165.348.000,3.113.570.527.443.530,19.048.806.821.221.400,50.0
6.961.229.997.182.520,0.0,12.576.125.997.499.900,0,6.158.941.851.339.680,6.909.820.193.320.490,810.535.944.370.427,10.154.359.411.834.100,3,673,21.291.573.179.187.800,9.548.504.534.458.600,5.622.358.125.252.660,50.0
381.333.334.319.142,0.0,726.874.723.708.381,1,739.663.611.800.549,6.442.655.606.787.210,850.765.933.771.209,35.426.468.797.647.700,6,630,12.421.935.267.850.100,3.250.320.926.163.850,31.931.406.522.137.600,37.196.643.196.620.600
16.744.180.890.247.700,0.0,22.372.987.832.935.200,0,3.393.132.521.723.880,6.171.506.954.344.210,8.522.384.008.629.300,10.703.247.601.183.900,6,599,21.385.398.439.869.900,2.599.850.777.766.940,3.552.263.310.237.780,3.370.720.855.839.820
47.769.775.937.656.500,100.0,17.931.827.183.028.500,1,771.250.034.151.506,6.127.814.092.046.810,8.693.617.849.106.530,7.705.057.220.670.100,8,530,12.736.912.758.314.900,3.197.464.515.381.400,32.647.196.670.055.700,47.155.913.160.036.700
11.878.907.306.816.800,62.5,10.405.920.085.745.800,0,46.990.232.168.009.000,6.060.041.903.408.210,7.237.649.566.474.280,10.055.402.608.054.400,5,511,2.072.583.602.558.420,3.422.888.780.197.830,3.795.626.639.973.090,42.879.565.191.428.700
2.705.506.825.084.390,0.0,19.169.691.657.495.100,0,7.945.376.319.143.730,665.574.628.591.609,15.955.606.378.056.300,17.537.413.422.354.100,3,378,2.031.332.037.649.710,24.693.897.720.951.200,1.925.311.219.407.840,4.790.579.817.433.540
30.070.994.688.312.700,0.0,8.859.543.788.611.840,0,5.516.927.560.675.550,6.297.769.057.593.490,7.086.454.162.880.130,4.925.837.695.839.630,7,560,17.944.238.376.074.100,14.694.043.203.387.600,26.440.548.464.606.800,43.293.503.865.596.700
5.041.881.297.853.100,62.5,1.328.320.783.528.780,1,3.257.511.550.817.970,5.690.104.041.696.100,3.539.499.389.052.400,6.773.503.829.397.350,6,735,1.235.986.084.065.680,11.909.906.405.266.600,7.565.322.594.536.200,50.0
3.438.910.951.675.330,0.0,23.108.239.355.079.600,0,8.783.488.594.028.280,5.656.203.523.629.750,5.051.684.614.388.550,7.346.527.358.405.140,8,300,18.211.428.067.696.100,3.512.078.979.846.340,39.095.516.726.030.100,28.707.240.761.314.100
5.287.086.543.035.470,100.0,5.403.853.022.807.220,1,7.683.295.742.982.280,6.414.132.786.897.160,31.656.848.272.476.100,20.897.870.948.107.600,6,353,181.784.642.082.686,25.078.260.438.427.800,23.641.607.945.084.800,50.0
7.376.608.297.093.260,62.5,8.169.921.046.714.290,0,5.086.896.193.694.090,6.500.055.850.978.290,7.473.627.952.470.840,692.524.069.062.393,8,215,17.571.974.749.771.600,35.602.254.504.823.000,11.204.861.215.934.300,50.0
28.885.657.247.501.900,25.0,22.197.038.606.910.500,0,4.620.164.209.310.170,59.808.071.489.782.500,7.279.946.082.125.660,832.035.076.402.327,6,694,18.315.255.714.467.200,15.381.140.081.971.500,32.409.596.856.386.400,36.046.279.454.847.800
5.141.326.590.117.110,0.0,11.816.019.827.605.000,1,6.533.782.370.700.320,5.407.596.064.077.620,9.724.860.110.914.690,49.775.459.434.114,8,468,21.681.074.032.452.900,20.189.098.232.292.900,23.873.153.571.134.000,43.421.861.883.140.500
7.905.103.534.705.210,25.0,828.827.630.250.268,1,8.923.767.616.943.460,7.075.675.581.959.590,4.125.616.286.894.210,6.508.131.687.086.930,8,505,2.195.507.247.656.960,34.503.697.686.836.500,3.803.732.429.678.410,4.349.149.713.046.420
3.951.253.132.800.040,100.0,14.138.174.195.065.400,1,4.741.000.945.078.480,6.927.023.226.668.970,7.900.131.075.935.680,4.218.230.638.084.650,4,309,172.049.580.664.584,30.481.254.310.334.500,31.029.117.782.897.100,50.0
24.087.087.374.719.700,0.0,10.764.349.420.879.000,0,8.689.626.700.476.910,4.808.836.449.318.550,7.463.759.713.255.000,1.057.550.299.059.180,5,171,12.918.006.242.892.300,15.100.045.251.490.700,3.521.332.810.523.660,3.999.564.946.385.190
42.145.970.920.204.600,62.5,12.764.727.228.535.800,1,4.982.322.717.711.530,7.137.708.046.319.470,9.889.745.268.974.470,7.591.272.673.590.280,24,632,13.339.690.436.451.700,9.052.114.416.582.090,22.319.350.346.138.000,50.0
5.979.898.528.744.660,0.0,10.455.155.249.366.600,1,72.245.865.915.468,6.053.716.941.866.890,7.781.429.461.851.770,7.064.012.857.494.850,4,666,19.203.508.793.400.100,3.521.358.252.630.820,21.175.028.588.472.400,35.719.597.511.429.300
15.793.099.096.105.500,100.0,7.297.751.227.378.690,0,5.290.406.146.752.230,6.332.990.956.019,29.790.304.008.802.000,11.387.931.684.654.800,7,354,21.819.635.872.230.600,31.454.273.859.312.700,3.053.573.237.721.610,50.0
1.200.989.328.776.530,25.0,954.368.925.206.972,0,35.103.133.440.518.900,6.996.756.142.036.830,3.496.695.114.517.920,8.314.246.760.261.200,3,607,16.360.552.237.319.400,1.796.643.322.865.850,5.095.545.044.318.850,50.0
6.244.666.418.141.160,0.0,16.239.897.564.566.100,0,8.617.136.193.679.730,7.356.777.150.640.330,9.688.028.313.892.020,4.078.057.856.933.700,8,493,1.298.038.745.911.640,21.849.619.485.607.400,31.072.320.678.589.400,50.0
4.235.057.833.600.480,0.0,2.233.635.313.909.350,0,39.835.679.682.995.700,69.020.056.995.318.700,7.217.476.629.678.520,8.059.283.893.133.440,4,535,15.530.445.525.049.400,8.172.480.685.362.180,39.364.387.596.782.900,4.150.763.470.353.200
1.866.012.882.841.920,0.0,16.417.057.653.148.700,1,8.668.148.807.985.590,6.368.721.349.265.390,8.163.544.953.771.310,11.577.858.023.185.400,7,253,15.850.102.771.205.200,16.484.043.593.434.700,3.673.552.561.956.420,3.414.818.706.986.940
109.246.051.412.025,0.0,1.633.097.968.135.720,0,361.984.095.557.313,5.237.051.519.587.900,7.973.792.713.401.770,1.259.140.815.200.280,7,518,2.196.595.333.885.260,6.527.817.080.458.150,3.827.077.670.855.130,2.868.860.858.818.600
17.906.835.388.502.800,62.5,20.513.434.118.531.500,0,4.601.684.669.738.990,4.781.637.723.210.680,7.410.458.681.933.050,78.925.010.771.209.300,4,246,18.865.833.532.943.800,8.422.782.943.633.430,34.321.984.763.594.300,50.0
4.947.499.638.173.740,0.0,4.545.998.054.465.020,0,8.525.540.992.167.330,6.814.711.257.317.150,7.564.449.792.124.910,27.251.845.697.509.400,6,281,13.178.660.860.707.400,338.547.797.329.371,11.502.755.064.491.900,50.0
26.757.490.141.255.600,100.0,7.876.891.921.724.390,0,6.951.245.177.445.430,7.139.421.242.021.130,9.308.690.210.783.910,9.981.054.621.730.280,24,364,15.370.767.169.424.100,14.498.895.111.126.700,36.160.152.788.566.700,50.0
7.620.475.349.270.860,0.0,17.394.790.828.843.300,0,41.369.006.150.501.700,5.629.748.597.413.360,9.158.290.562.899.040,8.047.529.826.053.820,7,278,12.485.587.124.989.200,3.258.893.291.705.440,4.489.703.498.169.170,50.0
7.839.018.799.279.850,25.0,9.066.126.023.394.390,1,655.255.986.873.169,6.011.154.024.682.880,3.916.422.109.231.830,11.306.884.422.665.200,24,695,18.530.605.081.114.400,18.955.994.561.911.100,18.605.945.972.227.500,3.857.543.908.568.530
14.454.043.796.262.200,100.0,2.497.118.266.552.930,0,4.082.347.248.213.320,5.809.913.878.130.180,5.034.229.316.019.090,8.365.356.483.071.720,8,167,18.727.392.688.770.600,2.831.111.036.230.870,14.310.362.771.359.200,50.0